subject,received,po_number,vin,invoice_amount,pdf_path,status,auth_amount,match
[External] Invoice #4907720,2026-06-19 13:55:45.368000+00:00,,4T1DAACK2SU006245,306.00,C:\Users\steeldir\AGN_Automation\pdfs\_External__Invoice__4907720_CA5B0000.pdf,already_paid,,
[External] Invoice #4916334,2026-06-19 14:00:17.019000+00:00,,4S4WMABD2T3416294,175.00,C:\Users\steeldir\AGN_Automation\pdfs\_External__Invoice__4916334_CA5A0000.pdf,already_paid,,
[External] Invoice #4916354,2026-06-19 14:01:59.849000+00:00,,4S4SLDD60T3069677,175.00,C:\Users\steeldir\AGN_Automation\pdfs\_External__Invoice__4916354_CA590000.pdf,already_paid,,
[External] Invoice #4916358,2026-06-19 14:02:37.147000+00:00,,1GTPHBEK0TZ324966,306.00,C:\Users\steeldir\AGN_Automation\pdfs\_External__Invoice__4916358_CA580000.pdf,already_paid,,
[External] Invoice #4916351,2026-06-19 14:02:57.372000+00:00,,4S4SLDD60T3069677,306.00,C:\Users\steeldir\AGN_Automation\pdfs\_External__Invoice__4916351_CA570000.pdf,already_paid,,
[External] Invoice #4916362,2026-06-19 14:03:17.409000+00:00,,5NMP24GL3TH190378,306.00,C:\Users\steeldir\AGN_Automation\pdfs\_External__Invoice__4916362_CA560000.pdf,already_paid,,
[External] Invoice #5090859,2026-07-22 17:20:31.496000+00:00,,1C4SJSBP0SS534781,340.00,C:\Users\steeldir\Code\GlassOrchestrator\Outlook\pdfs\_External__Invoice__5090859_FFC90000.pdf,approved,340.00,True
[External] Invoice #5090850,2026-07-22 17:19:53.144000+00:00,,1GKENKKSXTJ197778,340.00,C:\Users\steeldir\Code\GlassOrchestrator\Outlook\pdfs\_External__Invoice__5090850_FFC80000.pdf,approve_failed,340.00,True
[External] Invoice #5090842,2026-07-22 17:19:18.422000+00:00,,KL79MPSPXTB193651,340.00,C:\Users\steeldir\Code\GlassOrchestrator\Outlook\pdfs\_External__Invoice__5090842_FFC70000.pdf,approved,340.00,True
[External] Invoice #4916333,2026-06-19 14:03:50.195000+00:00,,4S4WMABD2T3416294,306.00,C:\Users\steeldir\GlassOrchestrator\outlook\pdfs\_External__Invoice__4916333_CA550000.pdf,already_paid,,
[External] Invoice #4916329,2026-06-19 14:04:17.913000+00:00,,4T1DAACKXSU598042,306.00,C:\Users\steeldir\GlassOrchestrator\outlook\pdfs\_External__Invoice__4916329_CA540000.pdf,already_paid,,
[External] Invoice #4924232,2026-06-19 14:05:05.516000+00:00,,1FMDE7BH9TLA47847,504.84,C:\Users\steeldir\GlassOrchestrator\outlook\pdfs\_External__Invoice__4924232_CA530000.pdf,already_paid,,
[External] Invoice #4924244,2026-06-19 14:05:39.953000+00:00,,1HGCY1F23TA025625,175.00,C:\Users\steeldir\GlassOrchestrator\outlook\pdfs\_External__Invoice__4924244_CA520000.pdf,already_paid,,
[External] Invoice #4924241,2026-06-19 14:06:01.325000+00:00,,1HGCY1F23TA025625,306.00,C:\Users\steeldir\GlassOrchestrator\outlook\pdfs\_External__Invoice__4924241_CA510000.pdf,already_paid,,
[External] Invoice #4924233,2026-06-19 14:06:18.882000+00:00,,5YFB4MDE7SP301836,306.00,C:\Users\steeldir\GlassOrchestrator\outlook\pdfs\_External__Invoice__4924233_CA500000.pdf,already_paid,,
[External] Receipt for Job #4946751,2026-06-20 11:39:37.156000+00:00,,1C4SJSBP2SS516587,306.00,C:\Users\steeldir\Code\GlassOrchestrator\outlook\pdfs\_External__Receipt_for_Job__4946751_24DE0000.pdf,already_paid,,
[External] Receipt for Job #4946760,2026-06-20 11:40:01.523000+00:00,,4T1DAACK8TU711861,306.00,C:\Users\steeldir\Code\GlassOrchestrator\outlook\pdfs\_External__Receipt_for_Job__4946760_24DF0000.pdf,already_paid,,
[External] Receipt for Job #4946737,2026-06-20 11:40:37.382000+00:00,,1V2HC2CA5TC222111,431.00,C:\Users\steeldir\Code\GlassOrchestrator\outlook\pdfs\_External__Receipt_for_Job__4946737_24E00000.pdf,already_paid,,
[External] Receipt for Job #4946744,2026-06-20 11:40:57.914000+00:00,,1V2HC2CA5TC222111,125.00,C:\Users\steeldir\Code\GlassOrchestrator\outlook\pdfs\_External__Receipt_for_Job__4946744_24E10000.pdf,already_paid,,
[External] Receipt for Job #4901821,2026-06-20 12:46:08.087000+00:00,,KM8RL5S28TU115691,1359.49,C:\Users\steeldir\Code\GlassOrchestrator\outlook\pdfs\_External__Receipt_for_Job__4901821_24E20000.pdf,already_paid,,
[External] Receipt for Job #4949692,2026-06-22 13:49:48.204000+00:00,,1FBAX2YG5TKA46322,547.15,C:\Users\steeldir\Code\GlassOrchestrator\outlook\pdfs\_External__Receipt_for_Job__4949692_3D820000.pdf,already_paid,,
[External] Receipt for Job #4949662,2026-06-22 13:50:56.540000+00:00,,1FMUK8HH7SGB81060,403.40,C:\Users\steeldir\Code\GlassOrchestrator\outlook\pdfs\_External__Receipt_for_Job__4949662_3D830000.pdf,already_paid,,
[External] Receipt for Job #4949660,2026-06-22 13:51:14.570000+00:00,,1FMUK8HH4SGB81498,403.40,C:\Users\steeldir\Code\GlassOrchestrator\outlook\pdfs\_External__Receipt_for_Job__4949660_3D840000.pdf,already_paid,,
[External] Receipt for Job #4949692,2026-06-22 14:05:59.982000+00:00,,1FBAX2YG5TKA46322,547.15,C:\Users\steeldir\Code\GlassOrchestrator\outlook\pdfs\_External__Receipt_for_Job__4949692_3D850000.pdf,already_paid,,
[External] Invoice #4930713,2026-06-22 16:19:27.358000+00:00,,5YJ3E1EAXPF436940,515.92,C:\Users\steeldir\GlassOrchestrator\outlook\pdfs\_External__Invoice__4930713_3D860000.pdf,already_paid,,
[External] Invoice #4930797,2026-06-22 16:20:14.479000+00:00,,5XYP64GC3SG682406,306.00,C:\Users\steeldir\GlassOrchestrator\outlook\pdfs\_External__Invoice__4930797_3D870000.pdf,already_paid,,
[External] Invoice #4930779,2026-06-22 16:20:35.187000+00:00,,1GNS6DRD7SR345620,306.00,C:\Users\steeldir\GlassOrchestrator\outlook\pdfs\_External__Invoice__4930779_3D880000.pdf,already_paid,,
[External] Invoice #4930758,2026-06-22 16:20:44.300000+00:00,,2T3H1RFV4SW366629,306.00,C:\Users\steeldir\GlassOrchestrator\outlook\pdfs\_External__Invoice__4930758_3D890000.pdf,already_paid,,
[External] Invoice #4930651,2026-06-22 16:21:30.645000+00:00,,4T1DAACK4SU130453,225.98,C:\Users\steeldir\GlassOrchestrator\outlook\pdfs\_External__Invoice__4930651_3D8A0000.pdf,already_paid,,
[External] Invoice #4936317,2026-06-22 16:21:44.299000+00:00,,1GNS6DRD9SR219002,306.00,C:\Users\steeldir\GlassOrchestrator\outlook\pdfs\_External__Invoice__4936317_3D8B0000.pdf,already_paid,,
[External] Invoice #4936313,2026-06-22 16:22:41.526000+00:00,,7MMVABBLXTN466404,306.00,C:\Users\steeldir\GlassOrchestrator\outlook\pdfs\_External__Invoice__4936313_3D8C0000.pdf,already_paid,,
[External] Invoice #4936308,2026-06-22 16:23:23.908000+00:00,,3GKALMEG5TL276842,306.00,C:\Users\steeldir\GlassOrchestrator\outlook\pdfs\_External__Invoice__4936308_3D8D0000.pdf,already_paid,,
[External] Invoice #4936301,2026-06-22 16:23:44.668000+00:00,,LRBFZSR44TD067553,469.13,C:\Users\steeldir\GlassOrchestrator\outlook\pdfs\_External__Invoice__4936301_3D8E0000.pdf,already_paid,,
[External] Invoice #4936310,2026-06-22 16:23:49.138000+00:00,,3GKALMEGXTL400152,306.00,C:\Users\steeldir\GlassOrchestrator\outlook\pdfs\_External__Invoice__4936310_3D8F0000.pdf,already_paid,,
[External] Invoice #4936298,2026-06-22 16:24:14.320000+00:00,,KMHL24JJ1TA157696,306.00,C:\Users\steeldir\GlassOrchestrator\outlook\pdfs\_External__Invoice__4936298_3D900000.pdf,already_paid,,
[External] Invoice #4936312,2026-06-22 16:24:38.064000+00:00,,1FMCU0MN7TUA29060,306.00,C:\Users\steeldir\GlassOrchestrator\outlook\pdfs\_External__Invoice__4936312_3D910000.pdf,already_paid,,
[External] Invoice #4936293,2026-06-22 16:24:41.430000+00:00,,2C4RC1BG1TR220160,306.00,C:\Users\steeldir\GlassOrchestrator\outlook\pdfs\_External__Invoice__4936293_3D920000.pdf,already_paid,,
[External] Invoice #4936292,2026-06-22 16:26:21.764000+00:00,,KL77LHEP3TC062731,306.00,C:\Users\steeldir\GlassOrchestrator\outlook\pdfs\_External__Invoice__4936292_3D930000.pdf,already_paid,,
[External] Invoice #4941921,2026-06-22 16:26:40.810000+00:00,,KL77LHEP0TC162530,306.00,C:\Users\steeldir\GlassOrchestrator\outlook\pdfs\_External__Invoice__4941921_3D940000.pdf,already_paid,,
[External] Invoice #4941923,2026-06-22 16:27:42.986000+00:00,,1V2WN2CA0TC533432,125.00,C:\Users\steeldir\GlassOrchestrator\outlook\pdfs\_External__Invoice__4941923_3D950000.pdf,already_paid,,
[External] Invoice #4941918,2026-06-22 16:27:43.879000+00:00,,1GKENKKS2TJ203458,306.00,C:\Users\steeldir\GlassOrchestrator\outlook\pdfs\_External__Invoice__4941918_3D960000.pdf,already_paid,,
[External] Invoice #4941922,2026-06-22 16:28:09.654000+00:00,,1V2WN2CA0TC533432,306.00,C:\Users\steeldir\GlassOrchestrator\outlook\pdfs\_External__Invoice__4941922_3D970000.pdf,already_paid,,
[External] Invoice #4941916,2026-06-22 16:29:05.051000+00:00,,5NMP24GL9TH188943,306.00,C:\Users\steeldir\GlassOrchestrator\outlook\pdfs\_External__Invoice__4941916_3D980000.pdf,already_paid,,
[External] Invoice #4946760,2026-06-22 16:31:31.956000+00:00,,4T1DAACK8TU711861,306.00,C:\Users\steeldir\GlassOrchestrator\outlook\pdfs\_External__Invoice__4946760_3D990000.pdf,already_paid,,
[External] Invoice #4946751,2026-06-22 16:32:14.542000+00:00,,1C4SJSBP2SS516587,306.00,C:\Users\steeldir\GlassOrchestrator\outlook\pdfs\_External__Invoice__4946751_3D9A0000.pdf,already_paid,,
[External] Invoice #4946737,2026-06-22 16:32:26.814000+00:00,,1V2HC2CA5TC222111,306.00,C:\Users\steeldir\GlassOrchestrator\outlook\pdfs\_External__Invoice__4946737_3D9B0000.pdf,already_paid,,
[External] Invoice #4946744,2026-06-22 16:32:48.640000+00:00,,1V2HC2CA5TC222111,125.00,C:\Users\steeldir\GlassOrchestrator\outlook\pdfs\_External__Invoice__4946744_3D9C0000.pdf,already_paid,,
[External] Invoice #4901821,2026-06-22 16:33:36.258000+00:00,,KM8RL5S28TU115691,1359.49,C:\Users\steeldir\GlassOrchestrator\outlook\pdfs\_External__Invoice__4901821_3D9D0000.pdf,already_paid,,
[External] Receipt for Job #4949657,2026-06-22 17:00:58.165000+00:00,,2C4RC1BG1TR160798,306.00,C:\Users\steeldir\Code\GlassOrchestrator\outlook\pdfs\_External__Receipt_for_Job__4949657_3D9E0000.pdf,already_paid,,
[External] Receipt for Job #4949696,2026-06-22 17:01:26.217000+00:00,,5YFB4MDE8TP409724,184.63,C:\Users\steeldir\Code\GlassOrchestrator\outlook\pdfs\_External__Receipt_for_Job__4949696_3D9F0000.pdf,already_paid,,
[External] Receipt for Job #4949681,2026-06-22 17:02:43.873000+00:00,,1G1FX6S04P4150274,306.00,C:\Users\steeldir\Code\GlassOrchestrator\outlook\pdfs\_External__Receipt_for_Job__4949681_3DA00000.pdf,already_paid,,
[External] Receipt for Job #4949678,2026-06-22 17:03:26.677000+00:00,,KNDJ23AU0S7964867,306.00,C:\Users\steeldir\Code\GlassOrchestrator\outlook\pdfs\_External__Receipt_for_Job__4949678_3DA10000.pdf,already_paid,,
[External] Receipt for Job #4949675,2026-06-22 17:04:29.118000+00:00,,5XYP6DGC0SG692715,306.00,C:\Users\steeldir\Code\GlassOrchestrator\outlook\pdfs\_External__Receipt_for_Job__4949675_3DA20000.pdf,already_paid,,
[External] Receipt for Job #4948525,2026-06-22 17:04:46.478000+00:00,,7MMVABBL6TN456758,306.00,C:\Users\steeldir\Code\GlassOrchestrator\outlook\pdfs\_External__Receipt_for_Job__4948525_3DA30000.pdf,already_paid,,
[External] Receipt for Job #4957909,2026-06-23 15:14:39.698000+00:00,,1GAZGPFP5S1260142,316.50,C:\Users\steeldir\Code\GlassOrchestrator\outlook\pdfs\_External__Receipt_for_Job__4957909_A4950000.pdf,already_paid,,
[External] Receipt for Job #4957924,2026-06-23 16:58:54.972000+00:00,,1C4RDHDG7TC214939,187.97,C:\Users\steeldir\Code\GlassOrchestrator\outlook\pdfs\_External__Receipt_for_Job__4957924_A4960000.pdf,already_paid,,
[External] Receipt for Job #4957909,2026-06-23 16:59:53.511000+00:00,,1GAZGPFP5S1260142,316.50,C:\Users\steeldir\Code\GlassOrchestrator\outlook\pdfs\_External__Receipt_for_Job__4957909_A4970000.pdf,already_paid,,
[External] Receipt for Job #4957873,2026-06-23 17:02:02.384000+00:00,,3GNAXHEG4TL311031,306.00,C:\Users\steeldir\Code\GlassOrchestrator\outlook\pdfs\_External__Receipt_for_Job__4957873_A4980000.pdf,already_paid,,
[External] Receipt for Job #4957865,2026-06-23 17:03:12.317000+00:00,,2HGFE2F54TH550359,125.00,C:\Users\steeldir\Code\GlassOrchestrator\outlook\pdfs\_External__Receipt_for_Job__4957865_A4990000.pdf,already_paid,,
[External] Receipt for Job #4957860,2026-06-23 17:03:56.610000+00:00,,1C4RDHDGXTC215079,306.00,C:\Users\steeldir\Code\GlassOrchestrator\outlook\pdfs\_External__Receipt_for_Job__4957860_A49A0000.pdf,already_paid,,
[External] Receipt for Job #4957831,2026-06-23 17:04:24.593000+00:00,,2HGFE2F54TH550359,306.00,C:\Users\steeldir\Code\GlassOrchestrator\outlook\pdfs\_External__Receipt_for_Job__4957831_A49B0000.pdf,already_paid,,
[External] Receipt for Job #4963794,2026-06-24 13:19:54.636000+00:00,,7SVAAABA4TX089022,197.00,C:\Users\steeldir\Code\GlassOrchestrator\outlook\pdfs\_External__Receipt_for_Job__4963794_E5BA0000.pdf,already_paid,,
[External] Invoice #4957946,2026-08-26 16:23:43.345000+00:00,FPO1122812,3VW5X7BU6SM070206,285.61,C:\Users\steeldir\GlassOrchestrator\outlook\pdfs\_External__Invoice__4957946_EEE40000.pdf,approved,285.61,True
[External] Receipt for Job #4957764,2026-06-24 13:38:20.143000+00:00,,3VVHR7RMXTM096018,816.81,C:\Users\steeldir\Code\GlassOrchestrator\outlook\pdfs\_External__Receipt_for_Job__4957764_E5BC0000.pdf,already_paid,,
[External] Invoice #4966062,2026-06-26 14:45:54.405000+00:00,,19XFL2H84TE022277,125.00,C:\Users\steeldir\GlassOrchestrator\outlook\pdfs\_External__Invoice__4966062_19520000.pdf,already_paid,,
[External] Invoice #4965969,2026-06-26 14:43:35.616000+00:00,,5FPYK3F50TB023227,175.00,C:\Users\steeldir\GlassOrchestrator\outlook\pdfs\_External__Invoice__4965969_194C0000.pdf,already_paid,,
[External] Invoice #4965915,2026-06-26 14:45:31.450000+00:00,,5FPYK3F50TB023227,306.00,C:\Users\steeldir\GlassOrchestrator\outlook\pdfs\_External__Invoice__4965915_19510000.pdf,already_paid,,
[External] Invoice #4965993,2026-06-26 14:44:59.648000+00:00,,5YFB4MDE5TP394003,306.00,C:\Users\steeldir\GlassOrchestrator\outlook\pdfs\_External__Invoice__4965993_19500000.pdf,already_paid,,
[External] Receipt for Job #4963798,2026-06-25 13:05:22.408000+00:00,,7MMVAAEW0TN144578,557.94,C:\Users\steeldir\Code\GlassOrchestrator\outlook\pdfs\_External__Receipt_for_Job__4963798_A5670000.pdf,already_paid,,
[External] Invoice #4966095,2026-06-26 14:43:31.715000+00:00,,YV4L12UC3S2583520,125.00,C:\Users\steeldir\GlassOrchestrator\outlook\pdfs\_External__Invoice__4966095_194B0000.pdf,already_paid,,
[External] Invoice #4968827,2026-06-26 14:47:12.289000+00:00,,JA4J4VA83SZ057876,306.00,C:\Users\steeldir\GlassOrchestrator\outlook\pdfs\_External__Invoice__4968827_19540000.pdf,already_paid,,
[External] Invoice #4968838,2026-06-26 14:47:36.555000+00:00,,1HGCY1F26TA026588,175.00,C:\Users\steeldir\GlassOrchestrator\outlook\pdfs\_External__Invoice__4968838_19550000.pdf,already_paid,,
[External] Invoice #4966092,2026-06-26 14:44:02.456000+00:00,,YV4L12UC3S2583520,306.00,C:\Users\steeldir\GlassOrchestrator\outlook\pdfs\_External__Invoice__4966092_194D0000.pdf,already_paid,,
[External] Receipt for Job #4968818,2026-06-25 14:43:46.990000+00:00,,1HGCY1F26TA026588,306.00,C:\Users\steeldir\Code\GlassOrchestrator\outlook\pdfs\_External__Receipt_for_Job__4968818_A56C0000.pdf,already_paid,,
[External] Invoice #4966133,2026-06-26 14:44:40.863000+00:00,,3C4NJDBNXST546829,306.00,C:\Users\steeldir\GlassOrchestrator\outlook\pdfs\_External__Invoice__4966133_194F0000.pdf,already_paid,,
[External] Invoice #4966155,2026-06-26 14:44:36.814000+00:00,,5NMJB3DE5TH663137,421.30,C:\Users\steeldir\GlassOrchestrator\outlook\pdfs\_External__Invoice__4966155_194E0000.pdf,already_paid,,
[External] Invoice #4966056,2026-06-26 14:46:24.860000+00:00,,19XFL2H84TE022277,306.00,C:\Users\steeldir\GlassOrchestrator\outlook\pdfs\_External__Invoice__4966056_19530000.pdf,already_paid,,
[External] Receipt for Job #4963741,2026-06-25 16:01:05.349000+00:00,,KNDNB5KA2T6127711,387.15,C:\Users\steeldir\Code\GlassOrchestrator\outlook\pdfs\_External__Receipt_for_Job__4963741_A5700000.pdf,already_paid,,
[External] Invoice #4949692,2026-06-26 14:21:08.936000+00:00,,1FBAX2YG5TKA46322,547.15,C:\Users\steeldir\GlassOrchestrator\outlook\pdfs\_External__Invoice__4949692_193A0000.pdf,already_paid,,
[External] Invoice #4949662,2026-06-26 14:21:42.733000+00:00,,1FMUK8HH7SGB81060,403.40,C:\Users\steeldir\GlassOrchestrator\outlook\pdfs\_External__Invoice__4949662_193B0000.pdf,already_paid,,
[External] Invoice #4949660,2026-06-26 14:22:00.783000+00:00,,1FMUK8HH4SGB81498,403.40,C:\Users\steeldir\GlassOrchestrator\outlook\pdfs\_External__Invoice__4949660_193C0000.pdf,already_paid,,
[External] Invoice #4949681,2026-06-26 14:23:56.117000+00:00,,1G1FX6S04P4150274,306.00,C:\Users\steeldir\GlassOrchestrator\outlook\pdfs\_External__Invoice__4949681_193D0000.pdf,already_paid,,
[External] Invoice #4949657,2026-06-26 14:25:42.260000+00:00,,2C4RC1BG1TR160798,306.00,C:\Users\steeldir\GlassOrchestrator\outlook\pdfs\_External__Invoice__4949657_193E0000.pdf,already_paid,,
[External] Invoice #4949696,2026-06-26 14:27:03.940000+00:00,,5YFB4MDE8TP409724,184.63,C:\Users\steeldir\GlassOrchestrator\outlook\pdfs\_External__Invoice__4949696_193F0000.pdf,already_paid,,
[External] Invoice #4948525,2026-06-26 14:27:22.320000+00:00,,7MMVABBL6TN456758,306.00,C:\Users\steeldir\GlassOrchestrator\outlook\pdfs\_External__Invoice__4948525_19400000.pdf,already_paid,,
[External] Invoice #4949678,2026-06-26 14:27:38.928000+00:00,,KNDJ23AU0S7964867,306.00,C:\Users\steeldir\GlassOrchestrator\outlook\pdfs\_External__Invoice__4949678_19410000.pdf,already_paid,,
[External] Invoice #4949675,2026-06-26 14:33:47.100000+00:00,,5XYP6DGC0SG692715,306.00,C:\Users\steeldir\GlassOrchestrator\outlook\pdfs\_External__Invoice__4949675_19420000.pdf,already_paid,,
[External] Invoice #4957873,2026-06-26 14:38:18.945000+00:00,,3GNAXHEG4TL311031,306.00,C:\Users\steeldir\GlassOrchestrator\outlook\pdfs\_External__Invoice__4957873_19430000.pdf,already_paid,,
[External] Invoice #4957924,2026-06-26 14:39:22.351000+00:00,,1C4RDHDG7TC214939,187.97,C:\Users\steeldir\GlassOrchestrator\outlook\pdfs\_External__Invoice__4957924_19440000.pdf,already_paid,,
[External] Invoice #4957909,2026-06-26 14:39:42.598000+00:00,,1GAZGPFP5S1260142,316.50,C:\Users\steeldir\GlassOrchestrator\outlook\pdfs\_External__Invoice__4957909_19450000.pdf,already_paid,,
[External] Invoice #4957860,2026-06-26 14:40:01.321000+00:00,,1C4RDHDGXTC215079,306.00,C:\Users\steeldir\GlassOrchestrator\outlook\pdfs\_External__Invoice__4957860_19460000.pdf,already_paid,,
[External] Invoice #4957865,2026-06-26 14:40:57.227000+00:00,,2HGFE2F54TH550359,125.00,C:\Users\steeldir\GlassOrchestrator\outlook\pdfs\_External__Invoice__4957865_19470000.pdf,already_paid,,
[External] Invoice #4957831,2026-06-26 14:41:00.539000+00:00,,2HGFE2F54TH550359,306.00,C:\Users\steeldir\GlassOrchestrator\outlook\pdfs\_External__Invoice__4957831_19480000.pdf,already_paid,,
[External] Invoice #4963794,2026-06-26 14:41:36.864000+00:00,,7SVAAABA4TX089022,197.00,C:\Users\steeldir\GlassOrchestrator\outlook\pdfs\_External__Invoice__4963794_19490000.pdf,already_paid,,
[External] Invoice #4957764,2026-06-26 14:42:44.990000+00:00,,3VVHR7RMXTM096018,816.81,C:\Users\steeldir\GlassOrchestrator\outlook\pdfs\_External__Invoice__4957764_194A0000.pdf,already_paid,,
[External] Receipt for Job #4973870,2026-06-26 16:32:59.302000+00:00,,1GKS2DRL2SR268400,511.71,C:\Users\steeldir\Code\GlassOrchestrator\outlook\pdfs\_External__Receipt_for_Job__4973870_19590000.pdf,already_paid,,
[External] Receipt for Job #4973868,2026-06-26 16:35:33.540000+00:00,,KNDNB5K37S6535329,387.15,C:\Users\steeldir\Code\GlassOrchestrator\outlook\pdfs\_External__Receipt_for_Job__4973868_195A0000.pdf,already_paid,,
[External] Receipt for Job #4973877,2026-06-26 16:37:16.326000+00:00,,3CZRZ2H3XSM785547,175.00,C:\Users\steeldir\Code\GlassOrchestrator\outlook\pdfs\_External__Receipt_for_Job__4973877_195B0000.pdf,already_paid,,
[External] Receipt for Job #4973876,2026-06-26 16:37:16.598000+00:00,,3CZRZ2H3XSM785547,306.00,C:\Users\steeldir\Code\GlassOrchestrator\outlook\pdfs\_External__Receipt_for_Job__4973876_195C0000.pdf,already_paid,,
[External] Receipt for Job #4982714,2026-06-29 13:52:31.805000+00:00,,5XYP64GC0SG619618,306.00,C:\Users\steeldir\Code\GlassOrchestrator\outlook\pdfs\_External__Receipt_for_Job__4982714_D6300000.pdf,already_paid,,
[External] Receipt for Job #4982035,2026-06-29 13:57:28.076000+00:00,,JN8BT3DD9TW476641,125.00,C:\Users\steeldir\Code\GlassOrchestrator\outlook\pdfs\_External__Receipt_for_Job__4982035_D6310000.pdf,already_paid,,
[External] Receipt for Job #4982620,2026-06-29 14:51:13.418000+00:00,,3GNAXHEG2TL288963,306.00,C:\Users\steeldir\Code\GlassOrchestrator\outlook\pdfs\_External__Receipt_for_Job__4982620_D6320000.pdf,already_paid,,
[External] Receipt for Job #4982533,2026-06-29 14:53:44.986000+00:00,,19XFL2H85TE012812,190.22,C:\Users\steeldir\Code\GlassOrchestrator\outlook\pdfs\_External__Receipt_for_Job__4982533_D6330000.pdf,already_paid,,
[External] Receipt for Job #4981899,2026-06-29 15:08:28.738000+00:00,,7MMVABBL8TN465364,306.00,C:\Users\steeldir\Code\GlassOrchestrator\outlook\pdfs\_External__Receipt_for_Job__4981899_D6340000.pdf,already_paid,,
[External] Receipt for Job #4981827,2026-06-29 15:09:18.265000+00:00,,3GNAXHEG3TL368952,306.00,C:\Users\steeldir\Code\GlassOrchestrator\outlook\pdfs\_External__Receipt_for_Job__4981827_D6350000.pdf,already_paid,,
[External] Receipt for Job #4981942,2026-06-29 15:09:55.706000+00:00,,5NMP3DG14SH046803,306.00,C:\Users\steeldir\Code\GlassOrchestrator\outlook\pdfs\_External__Receipt_for_Job__4981942_D6360000.pdf,already_paid,,
[External] Receipt for Job #4982487,2026-06-29 16:27:37.971000+00:00,,5TDAAAB55SS087829,306.00,C:\Users\steeldir\Code\GlassOrchestrator\outlook\pdfs\_External__Receipt_for_Job__4982487_D6370000.pdf,already_paid,,
[External] Receipt for Job #4973873,2026-06-29 16:58:57.538000+00:00,,KL79MRSL8TB138382,306.00,C:\Users\steeldir\Code\GlassOrchestrator\outlook\pdfs\_External__Receipt_for_Job__4973873_D6380000.pdf,already_paid,,
[External] Receipt for Job #4982642,2026-06-29 17:24:38.733000+00:00,,3GNAXHEG2TL289563,190.25,C:\Users\steeldir\Code\GlassOrchestrator\outlook\pdfs\_External__Receipt_for_Job__4982642_D6390000.pdf,already_paid,,
[External] Receipt for Job #4982029,2026-06-29 17:33:54.133000+00:00,,JN8BT3DD9TW476641,306.00,C:\Users\steeldir\Code\GlassOrchestrator\outlook\pdfs\_External__Receipt_for_Job__4982029_D63A0000.pdf,already_paid,,
[External] Receipt for Job #4981995,2026-06-29 17:34:38.579000+00:00,,7MUCAAAG1TV156843,431.00,C:\Users\steeldir\Code\GlassOrchestrator\outlook\pdfs\_External__Receipt_for_Job__4981995_D63B0000.pdf,already_paid,,
[External] Receipt for Job #4981981,2026-06-29 17:35:23.265000+00:00,,3C4NJDDN0ST622216,306.00,C:\Users\steeldir\Code\GlassOrchestrator\outlook\pdfs\_External__Receipt_for_Job__4981981_D63C0000.pdf,already_paid,,
[External] Receipt for Job #4981848,2026-06-29 17:36:28.270000+00:00,,3GKALMEG8TL426006,330.13,C:\Users\steeldir\Code\GlassOrchestrator\outlook\pdfs\_External__Receipt_for_Job__4981848_D63D0000.pdf,already_paid,,
[External] Receipt for Job #4988941,2026-06-30 13:30:56.702000+00:00,,3GNKBCR45SS249634,306.00,C:\Users\steeldir\Code\GlassOrchestrator\outlook\pdfs\_External__Receipt_for_Job__4988941_D63E0000.pdf,already_paid,,
[External] Receipt for Job #4988938,2026-06-30 13:31:01.417000+00:00,,1GNERGKS9TJ225865,306.00,C:\Users\steeldir\Code\GlassOrchestrator\outlook\pdfs\_External__Receipt_for_Job__4988938_D63F0000.pdf,already_paid,,
[External] Receipt for Job #4982117,2026-06-30 14:05:48.618000+00:00,,1V2BR2CA5SC574964,438.01,C:\Users\steeldir\Code\GlassOrchestrator\outlook\pdfs\_External__Receipt_for_Job__4982117_D6400000.pdf,already_paid,,
[External] Receipt for Job #4988934,2026-06-30 14:05:56.119000+00:00,,3GNKBCR40SS189813,306.00,C:\Users\steeldir\Code\GlassOrchestrator\outlook\pdfs\_External__Receipt_for_Job__4988934_D6410000.pdf,already_paid,,
[External] Receipt for Job #4988923,2026-06-30 14:15:23.207000+00:00,,7MMVABDL4TN453838,306.00,C:\Users\steeldir\Code\GlassOrchestrator\outlook\pdfs\_External__Receipt_for_Job__4988923_D6420000.pdf,already_paid,,
[External] Receipt for Job #4988936,2026-06-30 15:13:39.845000+00:00,,4T1DAACK7SU051052,306.00,C:\Users\steeldir\Code\GlassOrchestrator\outlook\pdfs\_External__Receipt_for_Job__4988936_D6430000.pdf,already_paid,,
[External] Receipt for Job #4988921,2026-06-30 16:06:53.303000+00:00,,2C3CDZBT5LH128753,184.65,C:\Users\steeldir\Code\GlassOrchestrator\outlook\pdfs\_External__Receipt_for_Job__4988921_D6440000.pdf,already_paid,,
[External] Invoice #5009625,2026-07-07 10:28:52.329000+00:00,,KL79MRSL6TB140874,340.00,C:\Users\steeldir\Code\GlassOrchestrator\outlook\pdfs\_External__Invoice__5009625_47B80000.pdf,already_paid,,
[External] Receipt for Job #5009559,2026-07-07 13:34:34.052000+00:00,,4S4WMABD2T3412746,200.00,C:\Users\steeldir\Code\GlassOrchestrator\outlook\pdfs\_External__Receipt_for_Job__5009559_47BA0000.pdf,approve_failed,0.00,False
[External] Receipt for Job #5022994,2026-07-08 12:01:58.439000+00:00,,4T1DAACK6SU599933,340.00,C:\Users\steeldir\Code\GlassOrchestrator\outlook\pdfs\_External__Receipt_for_Job__5022994_47C60000.pdf,approved,340.00,True
[External] Receipt for Job #5021141,2026-07-09 15:46:34.723000+00:00,,1GJZ7PFP7S1171558,340.00,C:\Users\steeldir\Code\GlassOrchestrator\outlook\pdfs\_External__Receipt_for_Job__5021141_FBCD0000.pdf,already_paid,,
[External] Receipt for Job #5035396,2026-07-10 15:59:17.007000+00:00,,3GNAXHEG1TL311598,340.00,C:\Users\steeldir\Code\GlassOrchestrator\outlook\pdfs\_External__Receipt_for_Job__5035396_2FDB0000.pdf,already_paid,,
[External] Invoice #5035400,2026-07-10 17:02:15.824000+00:00,,5NMP24GL1TH180321,340.00,C:\Users\steeldir\Code\GlassOrchestrator\outlook\pdfs\_External__Invoice__5035400_2FDD0000.pdf,approved,340.00,True
[External] Receipt for Job #5044224,2026-07-13 15:57:00.073000+00:00,,5YFB4MDE9SP275160,340.00,C:\Users\steeldir\Code\GlassOrchestrator\outlook\pdfs\_External__Receipt_for_Job__5044224_735A0000.pdf,already_paid,,
[External] Receipt for Job #5044271,2026-07-13 16:41:54.620000+00:00,,1C4SJSBPXSS511475,340.00,C:\Users\steeldir\Code\GlassOrchestrator\outlook\pdfs\_External__Receipt_for_Job__5044271_DEC20000.pdf,already_paid,,
[External] Receipt for Job #5044303,2026-07-13 16:54:14.198000+00:00,,4T1DAACK5TU259688,340.00,C:\Users\steeldir\Code\GlassOrchestrator\outlook\pdfs\_External__Receipt_for_Job__5044303_DEC40000.pdf,already_paid,,
[External] Receipt for Job #5042638,2026-07-13 17:01:57.952000+00:00,,7MMVABBM1SN346532,340.00,C:\Users\steeldir\Code\GlassOrchestrator\outlook\pdfs\_External__Receipt_for_Job__5042638_DEC50000.pdf,already_paid,,
[External] Invoice #5043687,2026-07-14 09:33:16.210000+00:00,,3GNAXHEGXTL347189,340.00,C:\Users\steeldir\Code\GlassOrchestrator\outlook\pdfs\_External__Invoice__5043687_DEC80000.pdf,already_paid,,
[External] Invoice #5044327,2026-07-14 09:40:00.377000+00:00,,7MMVABDL2TN460044,340.00,C:\Users\steeldir\Code\GlassOrchestrator\outlook\pdfs\_External__Invoice__5044327_DECC0000.pdf,already_paid,,
[External] Receipt for Job #5045416,2026-07-14 12:33:51.708000+00:00,,LRBFZPR47TD083730,340.00,C:\Users\steeldir\Code\GlassOrchestrator\outlook\pdfs\_External__Receipt_for_Job__5045416_DECD0000.pdf,approved,340.00,True
[External] Receipt for Job #5047688,2026-07-14 13:15:46.431000+00:00,,1V2HC2CAXTC219110,340.00,C:\Users\steeldir\Code\GlassOrchestrator\outlook\pdfs\_External__Receipt_for_Job__5047688_DECE0000.pdf,approved,340.00,True
[External] Receipt for Job #5047518,2026-07-14 13:16:36.764000+00:00,,5YFB4MDE8SP253814,340.00,C:\Users\steeldir\Code\GlassOrchestrator\outlook\pdfs\_External__Receipt_for_Job__5047518_DECF0000.pdf,approved,340.00,True
[External] Receipt for Job #5047474,2026-07-14 14:35:27.320000+00:00,,KL79MPSP5TB193928,340.00,C:\Users\steeldir\Code\GlassOrchestrator\outlook\pdfs\_External__Receipt_for_Job__5047474_DED00000.pdf,already_paid,,
[External] Receipt for Job #5045358,2026-07-14 14:36:01.278000+00:00,,5YFB4MDE5TP390081,340.00,C:\Users\steeldir\Code\GlassOrchestrator\outlook\pdfs\_External__Receipt_for_Job__5045358_DED10000.pdf,approved,340.00,True
[External] Receipt for Job #5050518,2026-07-14 14:42:09.187000+00:00,,1C4SJSBP8SS511703,340.00,C:\Users\steeldir\Code\GlassOrchestrator\outlook\pdfs\_External__Receipt_for_Job__5050518_DED20000.pdf,approved,340.00,True
[External] Receipt for Job #5050513,2026-07-14 16:33:03.376000+00:00,,5FNRL6H76SB052613,340.00,C:\Users\steeldir\Code\GlassOrchestrator\outlook\pdfs\_External__Receipt_for_Job__5050513_DED30000.pdf,approved,340.00,True
[External] Receipt for Job #5057665,2026-07-15 14:12:33.990000+00:00,,3GTPUBEK1TG358412,340.00,C:\Users\steeldir\Code\GlassOrchestrator\outlook\pdfs\_External__Receipt_for_Job__5057665_6C790000.pdf,approved,340.00,True
[External] Invoice #5018095,2026-07-15 14:28:24.180000+00:00,,5NMJB3DE2TH642195,340.00,C:\Users\steeldir\Code\GlassOrchestrator\outlook\pdfs\_External__Invoice__5018095_6C7A0000.pdf,already_paid,,
[External] Receipt for Job #5057690,2026-07-15 15:20:29.774000+00:00,,2C4RC1BGXTR167572,340.00,C:\Users\steeldir\Code\GlassOrchestrator\outlook\pdfs\_External__Receipt_for_Job__5057690_6C7B0000.pdf,approved,340.00,True
[External] Receipt for Job #5057699,2026-07-15 16:03:47.503000+00:00,,1GKS2JRL0SR365027,340.00,C:\Users\steeldir\Code\GlassOrchestrator\outlook\pdfs\_External__Receipt_for_Job__5057699_6C7C0000.pdf,creator_mismatch,50.00,False
[External] Receipt for Job #5057679,2026-07-15 16:43:12.225000+00:00,,3GNKBCR46SS204024,340.00,C:\Users\steeldir\Code\GlassOrchestrator\outlook\pdfs\_External__Receipt_for_Job__5057679_6C7D0000.pdf,already_paid,,
[External] Receipt for Job #5062967,2026-07-16 11:53:32.300000+00:00,,KL47LAEP8TB129687,340.00,C:\Users\steeldir\Code\GlassOrchestrator\outlook\pdfs\_External__Receipt_for_Job__5062967_6C820000.pdf,approved,340.00,True
[External] Receipt for Job #5043816,2026-07-16 14:10:48.882000+00:00,,1GKENKKS3TJ213318,708.34,C:\Users\steeldir\Code\GlassOrchestrator\outlook\pdfs\_External__Receipt_for_Job__5043816_C55F0000.pdf,already_paid,,
[External] Receipt for Job #5062785,2026-07-16 16:33:42.581000+00:00,,3GNKBHR46SS239966,340.00,C:\Users\steeldir\Code\GlassOrchestrator\outlook\pdfs\_External__Receipt_for_Job__5062785_C69B0000.pdf,approved,340.00,True
[External] Receipt for Job #5034522,2026-07-17 12:05:32.827000+00:00,,KNDPU3DG5T7311866,374.63,C:\Users\steeldir\Code\GlassOrchestrator\outlook\pdfs\_External__Receipt_for_Job__5034522_C69C0000.pdf,already_paid,,
[External] Receipt for Job #5075990,2026-07-20 14:18:34.834000+00:00,,JN8BT3DD8TW294669,340.00,C:\Users\steeldir\Code\GlassOrchestrator\outlook\pdfs\_External__Receipt_for_Job__5075990_297F0000.pdf,approved,340.00,True
[External] Receipt for Job #5075981,2026-07-20 14:19:21.854000+00:00,,7MMVAAEW5TN146570,340.00,C:\Users\steeldir\Code\GlassOrchestrator\outlook\pdfs\_External__Receipt_for_Job__5075981_29800000.pdf,approved,340.00,True
[External] Invoice #5075986,2026-07-21 10:58:53.105000+00:00,FPO1074035,3GNAXHEG0TL363983,340.00,C:\Users\steeldir\GlassOrchestrator\outlook\pdfs\_External__Invoice__5075986_29930000.pdf,already_paid,,
[External] Invoice #5077866,2026-07-21 10:34:43.987000+00:00,FPO1074909,1C4RJKBG6R8549646,340.00,C:\Users\steeldir\GlassOrchestrator\outlook\pdfs\_External__Invoice__5077866_298D0000.pdf,already_paid,,
[External] Receipt for Job #5075961,2026-07-20 15:02:34.581000+00:00,,1HGCY1F40TA028483,340.00,C:\Users\steeldir\Code\GlassOrchestrator\outlook\pdfs\_External__Receipt_for_Job__5075961_29830000.pdf,approved,340.00,True
[External] Receipt for Job #5075959,2026-07-20 15:03:09.908000+00:00,,2C4RC1BG6TR160747,340.00,C:\Users\steeldir\Code\GlassOrchestrator\outlook\pdfs\_External__Receipt_for_Job__5075959_29840000.pdf,approved,340.00,True
[External] Receipt for Job #5075955,2026-07-20 15:04:09.381000+00:00,,1G1ZD5ST1RF110087,340.00,C:\Users\steeldir\Code\GlassOrchestrator\outlook\pdfs\_External__Receipt_for_Job__5075955_29850000.pdf,approved,340.00,True
[External] Receipt for Job #5075952,2026-07-20 15:05:08.053000+00:00,,3GNAXHEGXTL290668,340.00,C:\Users\steeldir\Code\GlassOrchestrator\outlook\pdfs\_External__Receipt_for_Job__5075952_29860000.pdf,approved,340.00,True
[External] Receipt for Job #5075980,2026-07-20 15:48:16.052000+00:00,,JM3KFBCM4S0808511,340.00,C:\Users\steeldir\Code\GlassOrchestrator\outlook\pdfs\_External__Receipt_for_Job__5075980_29870000.pdf,approved,340.00,True
[External] Receipt for Job #5075977,2026-07-20 15:49:02.535000+00:00,,JM3KKCHD0S1216785,340.00,C:\Users\steeldir\Code\GlassOrchestrator\outlook\pdfs\_External__Receipt_for_Job__5075977_29880000.pdf,approved,340.00,True
[External] Receipt for Job #5075949,2026-07-20 16:46:24.085000+00:00,,KNDNB5KA5T6122311,340.00,C:\Users\steeldir\Code\GlassOrchestrator\outlook\pdfs\_External__Receipt_for_Job__5075949_29890000.pdf,approved,340.00,True
[External] Receipt for Job #5075965,2026-07-20 16:46:33.051000+00:00,,5FNRL6H68TB060544,340.00,C:\Users\steeldir\Code\GlassOrchestrator\outlook\pdfs\_External__Receipt_for_Job__5075965_298A0000.pdf,approved,340.00,True
[External] Receipt for Job #5075967,2026-07-20 16:46:39.836000+00:00,,KL77LHEP8TC138380,340.00,C:\Users\steeldir\Code\GlassOrchestrator\outlook\pdfs\_External__Receipt_for_Job__5075967_298B0000.pdf,approved,340.00,True
[External] Receipt for Job #5075940,2026-07-21 10:06:37.968000+00:00,,KMHL64JA4SA465139,340.00,C:\Users\steeldir\Code\GlassOrchestrator\outlook\pdfs\_External__Receipt_for_Job__5075940_298C0000.pdf,approved,340.00,True
[External] Receipt for Job #5075941,2026-07-21 10:35:41.174000+00:00,,4T1DAACK4SU602117,340.00,C:\Users\steeldir\Code\GlassOrchestrator\outlook\pdfs\_External__Receipt_for_Job__5075941_298E0000.pdf,approved,340.00,True
[External] Receipt for Job #5084141,2026-07-21 12:27:55.794000+00:00,,1GNERGKS9TJ214283,340.00,C:\Users\steeldir\Code\GlassOrchestrator\outlook\pdfs\_External__Receipt_for_Job__5084141_29950000.pdf,approved,340.00,True
[External] Receipt for Job #5084338,2026-07-21 13:51:50.409000+00:00,,5YFB4MDE8TP431206,340.00,C:\Users\steeldir\Code\GlassOrchestrator\outlook\pdfs\_External__Receipt_for_Job__5084338_299C0000.pdf,approved,340.00,True
[External] Receipt for Job #5084148,2026-07-21 13:53:15.291000+00:00,,5TDAAAB54TS131661,340.00,C:\Users\steeldir\Code\GlassOrchestrator\outlook\pdfs\_External__Receipt_for_Job__5084148_299D0000.pdf,approved,340.00,True
[External] Receipt for Job #5084145,2026-07-21 13:53:51.035000+00:00,,3C4NJDBN3ST548874,340.00,C:\Users\steeldir\Code\GlassOrchestrator\outlook\pdfs\_External__Receipt_for_Job__5084145_299E0000.pdf,approved,340.00,True
[External] Receipt for Job #5084143,2026-07-21 13:54:27.961000+00:00,,1FMCU9MN1SUA99382,340.00,C:\Users\steeldir\Code\GlassOrchestrator\outlook\pdfs\_External__Receipt_for_Job__5084143_299F0000.pdf,approved,340.00,True
[External] Receipt for Job #5084142,2026-07-21 13:55:09.650000+00:00,,3GKALMEG8TL417614,340.00,C:\Users\steeldir\Code\GlassOrchestrator\outlook\pdfs\_External__Receipt_for_Job__5084142_29A00000.pdf,approved,340.00,True
[External] Receipt for Job #5075971,2026-07-21 13:55:44.904000+00:00,,1FMJK1M81SEA27374,340.00,C:\Users\steeldir\Code\GlassOrchestrator\outlook\pdfs\_External__Receipt_for_Job__5075971_29A10000.pdf,approved,340.00,True
[External] Receipt for Job #5084144,2026-07-21 14:33:15.149000+00:00,,5YJ3E1EA9PF436475,340.00,C:\Users\steeldir\Code\GlassOrchestrator\outlook\pdfs\_External__Receipt_for_Job__5084144_29A20000.pdf,approved,340.00,True
[External] Receipt for Job #5084304,2026-07-21 14:39:40.919000+00:00,,JM3KKCHD7T1354678,340.00,C:\Users\steeldir\Code\GlassOrchestrator\outlook\pdfs\_External__Receipt_for_Job__5084304_29A30000.pdf,approved,340.00,True
[External] Receipt for Job #5084326,2026-07-21 14:41:16.724000+00:00,,7MMVABBL8TN463467,340.00,C:\Users\steeldir\Code\GlassOrchestrator\outlook\pdfs\_External__Receipt_for_Job__5084326_29A40000.pdf,approved,340.00,True
[External] Receipt for Job #5084317,2026-07-21 14:58:32.500000+00:00,,5XYP64GC5SG653439,340.00,C:\Users\steeldir\Code\GlassOrchestrator\outlook\pdfs\_External__Receipt_for_Job__5084317_29A50000.pdf,approved,340.00,True
[External] Receipt for Job #5081712,2026-07-21 15:15:05.682000+00:00,,1V2HC2CAXTC219110,0.00,C:\Users\steeldir\Code\GlassOrchestrator\outlook\pdfs\_External__Receipt_for_Job__5081712_29A60000.pdf,already_paid,,
[External] Invoice #5075943,2026-07-22 10:18:10.012000+00:00,FPO1074040,1HGCY1F29SA085956,340.00,C:\Users\steeldir\GlassOrchestrator\outlook\pdfs\_External__Invoice__5075943_FFBC0000.pdf,already_paid,,
[External] Invoice #5075999,2026-07-22 10:19:04.316000+00:00,FPO1074037,KMHRC8A37SU397610,340.00,C:\Users\steeldir\GlassOrchestrator\outlook\pdfs\_External__Invoice__5075999_FFBD0000.pdf,already_paid,,
[External] Invoice #5084150,2026-07-22 13:11:02.858000+00:00,FPO1076217,1V2HC2CA2TC219439,315.00,C:\Users\steeldir\GlassOrchestrator\outlook\pdfs\_External__Invoice__5084150_FFBF0000.pdf,already_paid,,
[External] Invoice #5090830,2026-07-22 17:18:50.715000+00:00,FPO1077957,3GTPHBEK2TG319851,340.00,C:\Users\steeldir\GlassOrchestrator\outlook\pdfs\_External__Invoice__5090830_FFC50000.pdf,approved,340.00,True
[External] Invoice #5090837,2026-07-22 17:18:54.644000+00:00,FPO1077968,1C4RDJDG5TC204580,340.00,C:\Users\steeldir\GlassOrchestrator\outlook\pdfs\_External__Invoice__5090837_FFC60000.pdf,approved,340.00,True
[External] Invoice #5097086,2026-07-23 13:45:39.598000+00:00,FPO1079565,3GKALMEG6TL426800,340.00,C:\Users\steeldir\GlassOrchestrator\outlook\pdfs\_External__Invoice__5097086_FFCD0000.pdf,approved,340.00,True
[External] Invoice #5097376,2026-07-23 13:50:09.672000+00:00,FPO1079590,7MMVABBL3TN456930,340.00,C:\Users\steeldir\GlassOrchestrator\outlook\pdfs\_External__Invoice__5097376_FFCF0000.pdf,approved,340.00,True
[External] Invoice #5096818,2026-07-23 16:07:12.584000+00:00,FPO1079471,1V2BR2CA1SC575920,340.00,C:\Users\steeldir\GlassOrchestrator\outlook\pdfs\_External__Invoice__5096818_FFD40000.pdf,approved,340.00,True
[External] Invoice #5096901,2026-07-23 16:07:16.723000+00:00,FPO1079476,1GKENKKS0TJ206603,340.00,C:\Users\steeldir\GlassOrchestrator\outlook\pdfs\_External__Invoice__5096901_FFD50000.pdf,approved,340.00,True
[External] Invoice #5097363,2026-07-23 16:07:38.514000+00:00,FPO1079587,1HGCY1F46TA019349,340.00,C:\Users\steeldir\GlassOrchestrator\outlook\pdfs\_External__Invoice__5097363_FFD60000.pdf,approved,340.00,True
[External] Invoice #5075993,2026-07-24 10:09:50.142000+00:00,FPO1074830,JM3KFBBL1S0645261,340.00,C:\Users\steeldir\GlassOrchestrator\outlook\pdfs\_External__Invoice__5075993_EA270000.pdf,already_paid,,
[External] Invoice #5096929,2026-07-24 10:10:39.439000+00:00,FPO1079488,KL77LHEP8TC062689,340.00,C:\Users\steeldir\GlassOrchestrator\outlook\pdfs\_External__Invoice__5096929_EA280000.pdf,approved,340.00,True
[External] Invoice #5097337,2026-07-24 10:11:17.817000+00:00,FPO1079581,7MMVABBM9SN345631,340.00,C:\Users\steeldir\GlassOrchestrator\outlook\pdfs\_External__Invoice__5097337_EA290000.pdf,approved,340.00,True
[External] Invoice #5097686,2026-07-24 13:03:25.567000+00:00,,1HGCY1F2XSA085710,340.00,C:\Users\steeldir\GlassOrchestrator\outlook\pdfs\_External__Invoice__5097686_EA2A0000.pdf,already_paid,,
[External] Invoice #5089348,2026-07-24 14:10:07.227000+00:00,,4S4WMABD5T3414426,675.00,C:\Users\steeldir\GlassOrchestrator\outlook\pdfs\_External__Invoice__5089348_EA2C0000.pdf,already_paid,,
[External] Invoice #5063007,2026-07-25 09:23:45.947000+00:00,FPO1071399,W1KAF4HB3TR332083,827.00,C:\Users\steeldir\GlassOrchestrator\outlook\pdfs\_External__Invoice__5063007_76A40000.pdf,already_paid,,
[External] Invoice #5097099,2026-07-25 09:24:16.613000+00:00,,5FNRL6H66TB047775,621.22,C:\Users\steeldir\GlassOrchestrator\outlook\pdfs\_External__Invoice__5097099_76A50000.pdf,checked,397.26,False
[External] Invoice #5102012,2026-07-25 09:25:19.281000+00:00,,3TMLB5JN8TM224195,340.00,C:\Users\steeldir\GlassOrchestrator\outlook\pdfs\_External__Invoice__5102012_76A60000.pdf,checked,340.00,True
[External] Invoice #5102032,2026-07-25 09:25:53.973000+00:00,FPO1080764,5NMP24GL8TH172488,340.00,C:\Users\steeldir\GlassOrchestrator\outlook\pdfs\_External__Invoice__5102032_76A70000.pdf,approved,340.00,True
[External] Invoice #5102058,2026-07-25 09:27:22.334000+00:00,FPO1080782,1C4SJSBP5SS523078,340.00,C:\Users\steeldir\GlassOrchestrator\outlook\pdfs\_External__Invoice__5102058_76A80000.pdf,approved,340.00,True
[External] Invoice #5102066,2026-07-25 09:28:03.587000+00:00,FPO1080783,1FBAX2YG5RKA08713,440.00,C:\Users\steeldir\GlassOrchestrator\outlook\pdfs\_External__Invoice__5102066_76A90000.pdf,checked,340.00,False
[External] Invoice #5102081,2026-07-25 09:29:12.238000+00:00,FPO1080784,5TDKRKEC4TS310425,340.00,C:\Users\steeldir\GlassOrchestrator\outlook\pdfs\_External__Invoice__5102081_76AA0000.pdf,approved,340.00,True
[External] Invoice #5102839,2026-07-25 09:29:44.084000+00:00,FPO1080916,1FMDE7BHXSLA56734,404.82,C:\Users\steeldir\GlassOrchestrator\outlook\pdfs\_External__Invoice__5102839_42780000.pdf,error,,
[External] Invoice #5102854,2026-07-25 09:30:34.897000+00:00,,ZACPDFCW8R3A31906,340.00,C:\Users\steeldir\GlassOrchestrator\outlook\pdfs\_External__Invoice__5102854_76AC0000.pdf,checked,340.00,True
[External] Invoice #5005701,2026-07-25 11:00:29.652000+00:00,,4S4WMABD5T3414426,200.00,C:\Users\steeldir\GlassOrchestrator\outlook\pdfs\_External__Invoice__5005701_76AD0000.pdf,already_paid,,
[External] Invoice #5075957,2026-07-25 11:01:16.313000+00:00,FPO1074044,2T36CRAV2TC029002,599.84,C:\Users\steeldir\GlassOrchestrator\outlook\pdfs\_External__Invoice__5075957_76AE0000.pdf,already_paid,,
[External] Invoice #5089013,2026-07-25 11:01:41.525000+00:00,FPO1077611,JA4J4VA85SZ057913,340.00,C:\Users\steeldir\GlassOrchestrator\outlook\pdfs\_External__Invoice__5089013_76AF0000.pdf,already_paid,,
[External] Invoice #5092820,2026-07-27 13:49:48.933000+00:00,,1C6RRFFG0PN677221,630.00,C:\Users\steeldir\GlassOrchestrator\outlook\pdfs\_External__Invoice__5092820_9D4E0000.pdf,checked,0.00,False
[External] Invoice #5110358,2026-07-27 13:51:21.365000+00:00,FPO1082745,7MMVAAEW6TN176788,680.00,C:\Users\steeldir\GlassOrchestrator\outlook\pdfs\_External__Invoice__5110358_9D4F0000.pdf,checked,340.00,False
[External] Invoice #5110373,2026-07-27 14:53:38.598000+00:00,FPO1082752,5XYP64GC3SG680221,340.00,C:\Users\steeldir\GlassOrchestrator\outlook\pdfs\_External__Invoice__5110373_42790000.pdf,error,,
[External] Invoice #5110849,2026-07-27 16:56:27.674000+00:00,FPO1082945,3GKALMEG2TL298104,340.00,C:\Users\steeldir\GlassOrchestrator\outlook\pdfs\_External__Invoice__5110849_9D580000.pdf,approved,340.00,True
[External] Invoice #5110338,2026-07-28 09:20:41.030000+00:00,FPO1082733,3GKALMEG9TL348304,340.00,C:\Users\steeldir\GlassOrchestrator\outlook\pdfs\_External__Invoice__5110338_9D5C0000.pdf,approved,340.00,True
[External] Invoice #5110345,2026-07-28 09:21:19.675000+00:00,FPO1082740,4T1DAACK3SU524266,340.00,C:\Users\steeldir\GlassOrchestrator\outlook\pdfs\_External__Invoice__5110345_9D5D0000.pdf,approved,340.00,True
[External] Invoice #5110389,2026-07-28 09:21:51.379000+00:00,FPO1082758,KNDEP2AA0T7894808,340.00,C:\Users\steeldir\GlassOrchestrator\outlook\pdfs\_External__Invoice__5110389_9D5E0000.pdf,approved,340.00,True
[External] Invoice #5110915,2026-07-28 09:23:20.811000+00:00,FPO1082950,KM8HF3AB3TU426339,340.00,C:\Users\steeldir\GlassOrchestrator\outlook\pdfs\_External__Invoice__5110915_9D5F0000.pdf,approved,340.00,True
[External] Invoice #5110420,2026-07-28 10:19:18.036000+00:00,FPO1082764,7MMVABBLXTN468265,340.00,C:\Users\steeldir\GlassOrchestrator\outlook\pdfs\_External__Invoice__5110420_9D600000.pdf,approved,340.00,True
[External] Invoice #5110859,2026-07-28 10:19:54.252000+00:00,FPO1083004,5NMP24G12SH049900,340.00,C:\Users\steeldir\GlassOrchestrator\outlook\pdfs\_External__Invoice__5110859_9D610000.pdf,approved,340.00,True
[External] Invoice #5110877,2026-07-28 10:21:25.896000+00:00,FPO1082960,1C4SJVBP2SS539241,340.00,C:\Users\steeldir\GlassOrchestrator\outlook\pdfs\_External__Invoice__5110877_9D620000.pdf,approved,340.00,True
[External] Invoice #5110897,2026-07-28 10:21:32.292000+00:00,FPO1082964,2C4RC1BG0TR230615,340.00,C:\Users\steeldir\GlassOrchestrator\outlook\pdfs\_External__Invoice__5110897_9D630000.pdf,approved,340.00,True
[External] Invoice #5110917,2026-07-28 10:22:13.305000+00:00,FPO1082971,7MMVABBM7SN343019,340.00,C:\Users\steeldir\GlassOrchestrator\outlook\pdfs\_External__Invoice__5110917_9D640000.pdf,approved,340.00,True
[External] Invoice #5110961,2026-07-28 10:22:43.374000+00:00,FPO1082991,3C4NJDCNXST577318,340.00,C:\Users\steeldir\GlassOrchestrator\outlook\pdfs\_External__Invoice__5110961_9D650000.pdf,approved,340.00,True
[External] Invoice #5118025,2026-07-29 08:37:44.196000+00:00,,1GKENKKS3TJ197671,340.00,C:\Users\steeldir\GlassOrchestrator\outlook\pdfs\_External__Invoice__5118025_86740000.pdf,checked,150.00,False
[External] Invoice #5118030,2026-07-29 08:38:21.466000+00:00,FPO1084753,KM8HCCAB8TU457014,340.00,C:\Users\steeldir\GlassOrchestrator\outlook\pdfs\_External__Invoice__5118030_86750000.pdf,approved,340.00,True
[External] Invoice #5118040,2026-07-29 08:38:47.522000+00:00,FPO1084755,5YFB4MDE2TP411615,340.00,C:\Users\steeldir\GlassOrchestrator\outlook\pdfs\_External__Invoice__5118040_86760000.pdf,approved,340.00,True
[External] Invoice #5118264,2026-07-29 08:40:12.261000+00:00,FPO1084814,1N4BL4DV8SN431534,340.00,C:\Users\steeldir\GlassOrchestrator\outlook\pdfs\_External__Invoice__5118264_86790000.pdf,approved,340.00,True
[External] Invoice #5118293,2026-07-29 08:39:26.734000+00:00,FPO1084841,KL79MRSL6TB126649,340.00,C:\Users\steeldir\GlassOrchestrator\outlook\pdfs\_External__Invoice__5118293_86780000.pdf,approved,340.00,True
[External] Invoice #5118299,2026-07-29 08:40:19.364000+00:00,FPO1084843,3GNAXHEG8TL284528,340.00,C:\Users\steeldir\GlassOrchestrator\outlook\pdfs\_External__Invoice__5118299_867A0000.pdf,approved,340.00,True
[External] Invoice #5110413,2026-07-29 09:34:49.491000+00:00,FPO1082771,4S4WMABD1T3421079,679.00,C:\Users\steeldir\GlassOrchestrator\outlook\pdfs\_External__Invoice__5110413_867B0000.pdf,checked,340.00,False
[External] Invoice #5110939,2026-07-29 09:35:52.556000+00:00,,5YJ3E1EA4PF430809,440.00,C:\Users\steeldir\GlassOrchestrator\outlook\pdfs\_External__Invoice__5110939_867C0000.pdf,already_paid,,
[External] Invoice #5118282,2026-07-29 09:36:53.824000+00:00,FPO1084829,7MMVABDL7TN459911,340.00,C:\Users\steeldir\GlassOrchestrator\outlook\pdfs\_External__Invoice__5118282_867D0000.pdf,approved,340.00,True
[External] Invoice #5030912,2026-07-29 09:50:42.301000+00:00,,1GNS6DKD8TR304764,340.00,C:\Users\steeldir\GlassOrchestrator\outlook\pdfs\_External__Invoice__5030912_867E0000.pdf,already_paid,,
[External] Invoice #5125306,2026-07-29 17:42:33.784000+00:00,,1GNS6DKD8TR304764,150.00,C:\Users\steeldir\GlassOrchestrator\outlook\pdfs\_External__Invoice__5125306_86880000.pdf,already_paid,,
[External] Invoice #5124605,2026-07-29 17:48:23.586000+00:00,FPO1086417,1C4SJSBP7SS538102,340.00,C:\Users\steeldir\GlassOrchestrator\outlook\pdfs\_External__Invoice__5124605_86890000.pdf,approved,340.00,True
[External] Invoice #5124634,2026-07-29 17:48:55.988000+00:00,FPO1086414,JTDACAAU9T3076497,340.00,C:\Users\steeldir\GlassOrchestrator\outlook\pdfs\_External__Invoice__5124634_868A0000.pdf,approved,340.00,True
[External] Invoice #5124639,2026-07-29 17:49:41.577000+00:00,FPO1086415,KL79MPSP2TB190078,340.00,C:\Users\steeldir\GlassOrchestrator\outlook\pdfs\_External__Invoice__5124639_868B0000.pdf,approved,340.00,True
[External] Invoice #5124720,2026-07-29 17:50:25.137000+00:00,FPO1086467,3GNKBCR49SS245098,340.00,C:\Users\steeldir\GlassOrchestrator\outlook\pdfs\_External__Invoice__5124720_868C0000.pdf,approved,340.00,True
[External] Invoice #5124723,2026-07-29 17:50:55.865000+00:00,FPO1086472,KL79MPSP4TB194911,340.00,C:\Users\steeldir\GlassOrchestrator\outlook\pdfs\_External__Invoice__5124723_868D0000.pdf,approved,340.00,True
[External] Invoice #5125057,2026-07-29 17:51:34.982000+00:00,FPO1086485,2C4RC1GGXTR229366,340.00,C:\Users\steeldir\GlassOrchestrator\outlook\pdfs\_External__Invoice__5125057_868E0000.pdf,approved,340.00,True
[External] Invoice #5125173,2026-07-29 17:52:03.917000+00:00,FPO1086491,7MMVABDMXSN345702,340.00,C:\Users\steeldir\GlassOrchestrator\outlook\pdfs\_External__Invoice__5125173_868F0000.pdf,approved,340.00,True
[External] Invoice #5125292,2026-07-29 17:53:14.816000+00:00,FPO1086502,1FMDE7BH7TLA82483,416.10,C:\Users\steeldir\GlassOrchestrator\outlook\pdfs\_External__Invoice__5125292_86900000.pdf,approved,340.00,False
[External] Invoice #5125340,2026-07-29 17:55:00.977000+00:00,FPO1086518,3GNAXHEG4TL354008,340.00,C:\Users\steeldir\GlassOrchestrator\outlook\pdfs\_External__Invoice__5125340_86910000.pdf,identity_mismatch,,
[External] Invoice #5131157,2026-07-30 13:34:31.043000+00:00,FPO1088052,5XYP64GC4SG586459,340.00,C:\Users\steeldir\GlassOrchestrator\outlook\pdfs\_External__Invoice__5131157_02EC0000.pdf,approved,340.00,True
[External] Invoice #5131179,2026-07-30 13:34:50.744000+00:00,FPO1088056,LRBFZPR40TD070575,340.00,C:\Users\steeldir\GlassOrchestrator\outlook\pdfs\_External__Invoice__5131179_02ED0000.pdf,checked,350.00,False
[External] Invoice #5010825,2026-07-30 14:33:18.603000+00:00,FPO1059310,3FMTK3SU1PMA97379,1809.64,C:\Users\steeldir\GlassOrchestrator\outlook\pdfs\_External__Invoice__5010825_41E10000.pdf,error,,
[External] Invoice #5124632,2026-07-30 14:37:06.963000+00:00,FPO1086402,KM8K33AGXPU191504,340.00,C:\Users\steeldir\GlassOrchestrator\outlook\pdfs\_External__Invoice__5124632_02F10000.pdf,approved,340.00,True
[External] Invoice #5130922,2026-07-30 17:43:36.492000+00:00,FPO1087980,1GNERGKS8TJ237425,340.00,C:\Users\steeldir\GlassOrchestrator\outlook\pdfs\_External__Invoice__5130922_02F60000.pdf,approved,340.00,True
[External] Invoice #5130928,2026-07-30 17:44:20.877000+00:00,FPO1087949,7MMVAAEW8TN145963,340.00,C:\Users\steeldir\GlassOrchestrator\outlook\pdfs\_External__Invoice__5130928_02F70000.pdf,approved,340.00,True
[External] Invoice #5130948,2026-07-30 17:44:46.222000+00:00,FPO1087962,3GNAXPEG5TL349779,340.00,C:\Users\steeldir\GlassOrchestrator\outlook\pdfs\_External__Invoice__5130948_02F80000.pdf,approved,340.00,True
[External] Invoice #5130951,2026-07-30 17:45:04.178000+00:00,FPO1087972,3GNAXHEG7TL354861,340.00,C:\Users\steeldir\GlassOrchestrator\outlook\pdfs\_External__Invoice__5130951_02F90000.pdf,approved,340.00,True
[External] Invoice #5131129,2026-07-30 17:46:15.110000+00:00,FPO1088047,KL77LHEP1TC062209,340.00,C:\Users\steeldir\GlassOrchestrator\outlook\pdfs\_External__Invoice__5131129_02FA0000.pdf,approved,340.00,True
[External] Invoice #5097222,2026-08-01 12:09:12.174000+00:00,FPO1079570,1GKENKKS7TJ226296,743.90,C:\Users\steeldir\GlassOrchestrator\outlook\pdfs\_External__Invoice__5097222_64B00000.pdf,checked,340.00,False
[External] Invoice #5141515,2026-08-02 21:31:14.418000+00:00,,5YJ3E1EA1PF437913,200.00,C:\Users\steeldir\GlassOrchestrator\outlook\pdfs\_External__Invoice__5141515_64B10000.pdf,already_paid,,
[External] Invoice #5141487,2026-08-02 21:31:43.982000+00:00,,5YJ3E1EAXPF436940,200.00,C:\Users\steeldir\GlassOrchestrator\outlook\pdfs\_External__Invoice__5141487_64B20000.pdf,already_paid,,
[External] Invoice #5141465,2026-08-02 21:33:24.447000+00:00,,5YJ3E1EA9PF436475,200.00,C:\Users\steeldir\GlassOrchestrator\outlook\pdfs\_External__Invoice__5141465_64B30000.pdf,already_paid,,
[External] Invoice #5141432,2026-08-02 21:34:10.553000+00:00,,5YJ3E1EA4PF430809,200.00,C:\Users\steeldir\GlassOrchestrator\outlook\pdfs\_External__Invoice__5141432_64B40000.pdf,already_paid,,
[External] Invoice #5141128,2026-08-02 21:35:08.662000+00:00,,3GTPHBEK3TG320541,340.00,C:\Users\steeldir\GlassOrchestrator\outlook\pdfs\_External__Invoice__5141128_64B50000.pdf,already_paid,,
[External] Invoice #5141058,2026-08-02 21:35:45.235000+00:00,,1GKENKKS1TJ215424,340.00,C:\Users\steeldir\GlassOrchestrator\outlook\pdfs\_External__Invoice__5141058_64B60000.pdf,already_paid,,
[External] Invoice #5141026,2026-08-02 21:36:27.121000+00:00,,KNDPU3DG6T7306238,340.00,C:\Users\steeldir\GlassOrchestrator\outlook\pdfs\_External__Invoice__5141026_64B70000.pdf,already_paid,,
[External] Invoice #5141001,2026-08-02 21:36:45.667000+00:00,,1GAZGPFP2S1260230,340.00,C:\Users\steeldir\GlassOrchestrator\outlook\pdfs\_External__Invoice__5141001_64B80000.pdf,already_paid,,
[External] Invoice #5140786,2026-08-02 21:37:37.728000+00:00,,3GNKBCR42SS243919,340.00,C:\Users\steeldir\GlassOrchestrator\outlook\pdfs\_External__Invoice__5140786_64B90000.pdf,already_paid,,
[External] Invoice #5140951,2026-08-02 21:37:55.666000+00:00,,7MMVABBL4TN467175,340.00,C:\Users\steeldir\GlassOrchestrator\outlook\pdfs\_External__Invoice__5140951_64BA0000.pdf,already_paid,,
[External] Invoice #5140904,2026-08-02 21:40:25.553000+00:00,,KM8K23AGXPU192316,340.00,C:\Users\steeldir\GlassOrchestrator\outlook\pdfs\_External__Invoice__5140904_64BB0000.pdf,already_paid,,
[External] Invoice #5140673,2026-08-02 21:40:39.946000+00:00,,3GNAXHEG8TL359311,340.00,C:\Users\steeldir\GlassOrchestrator\outlook\pdfs\_External__Invoice__5140673_64BC0000.pdf,already_paid,,
[External] Invoice #5140205,2026-08-02 21:41:31.781000+00:00,,4T1DAACK6TU209849,340.00,C:\Users\steeldir\GlassOrchestrator\outlook\pdfs\_External__Invoice__5140205_64BD0000.pdf,already_paid,,
[External] Invoice #5145032,2026-08-03 15:56:48.298000+00:00,FPO1091171,5XYP6DGC5SG694797,340.00,C:\Users\steeldir\GlassOrchestrator\outlook\pdfs\_External__Invoice__5145032_64CA0000.pdf,approved,340.00,True
[External] Invoice #5145034,2026-08-03 16:05:08.915000+00:00,FPO1091174,1FMJU1MG8SEA07771,696.41,C:\Users\steeldir\GlassOrchestrator\outlook\pdfs\_External__Invoice__5145034_64CB0000.pdf,checked,340.00,False
[External] Invoice #5145036,2026-08-03 16:06:48.451000+00:00,,7MMVABBL9TN466717,340.00,C:\Users\steeldir\GlassOrchestrator\outlook\pdfs\_External__Invoice__5145036_64CC0000.pdf,approved,340.00,True
[External] Invoice #5145038,2026-08-03 16:07:29.676000+00:00,,5XYP64GC9SG702237,340.00,C:\Users\steeldir\GlassOrchestrator\outlook\pdfs\_External__Invoice__5145038_64CD0000.pdf,already_paid,,
[External] Invoice #5145042,2026-08-03 16:08:18.885000+00:00,FPO1091203,1FMDE7BH8SLA44744,391.84,C:\Users\steeldir\GlassOrchestrator\outlook\pdfs\_External__Invoice__5145042_64CE0000.pdf,checked,340.00,False
[External] Invoice #5145044,2026-08-03 16:08:34.718000+00:00,,7MMVABBL7TN466215,340.00,C:\Users\steeldir\GlassOrchestrator\outlook\pdfs\_External__Invoice__5145044_64CF0000.pdf,approved,340.00,True
[External] Invoice #5145045,2026-08-03 16:08:58.627000+00:00,,7MMVABBL1TN456764,340.00,C:\Users\steeldir\GlassOrchestrator\outlook\pdfs\_External__Invoice__5145045_64D00000.pdf,approved,340.00,True
[External] Invoice #5145046,2026-08-03 16:09:07.950000+00:00,FPO1091209,7MMVABBL0TN461521,340.00,C:\Users\steeldir\GlassOrchestrator\outlook\pdfs\_External__Invoice__5145046_64D10000.pdf,approved,340.00,True
[External] Invoice #5145050,2026-08-03 16:09:28.167000+00:00,FPO1091394,3FMTK3SU8PMA97928,340.00,C:\Users\steeldir\GlassOrchestrator\outlook\pdfs\_External__Invoice__5145050_64D20000.pdf,approved,340.00,True
[External] Invoice #5145052,2026-08-03 16:09:28.895000+00:00,FPO1091395,3VVFR7RM1TM108810,340.00,C:\Users\steeldir\GlassOrchestrator\outlook\pdfs\_External__Invoice__5145052_64D30000.pdf,approved,340.00,True
[External] Invoice #5145055,2026-08-03 16:09:57.403000+00:00,FPO1091396,3KPFT4DE2SE034126,340.00,C:\Users\steeldir\GlassOrchestrator\outlook\pdfs\_External__Invoice__5145055_64D40000.pdf,approved,340.00,True
[External] Invoice #5145288,2026-08-03 16:10:30.850000+00:00,FPO1091484,2T3F1RFV9SW550018,340.00,C:\Users\steeldir\GlassOrchestrator\outlook\pdfs\_External__Invoice__5145288_64D50000.pdf,approved,340.00,True
[External] Invoice #5152723,2026-08-04 17:09:38.197000+00:00,FPO1093469,KL77LHEPXTC176869,340.00,C:\Users\steeldir\GlassOrchestrator\outlook\pdfs\_External__Invoice__5152723_E3840000.pdf,approved,340.00,True
[External] Invoice #5152787,2026-08-04 17:09:58.022000+00:00,FPO1093506,3GNKBCR46SS236763,340.00,C:\Users\steeldir\GlassOrchestrator\outlook\pdfs\_External__Invoice__5152787_E3850000.pdf,approved,340.00,True
[External] Invoice #5152798,2026-08-04 17:11:12.936000+00:00,FPO1093495,1FMEE9BH9TLA42910,391.84,C:\Users\steeldir\GlassOrchestrator\outlook\pdfs\_External__Invoice__5152798_E3860000.pdf,checked,340.00,False
[External] Invoice #5152818,2026-08-04 17:11:56.792000+00:00,FPO1093499,KL4AMCSL9TB224016,340.00,C:\Users\steeldir\GlassOrchestrator\outlook\pdfs\_External__Invoice__5152818_E3870000.pdf,approved,340.00,True
[External] Invoice #5152801,2026-08-04 17:12:00.392000+00:00,FPO1093497,3FMCR9BN0TRE01712,340.00,C:\Users\steeldir\GlassOrchestrator\outlook\pdfs\_External__Invoice__5152801_E3880000.pdf,approved,340.00,True
[External] Invoice #5152928,2026-08-04 17:12:22.712000+00:00,FPO1093508,JN8BT3DD7TW300638,340.00,C:\Users\steeldir\GlassOrchestrator\outlook\pdfs\_External__Invoice__5152928_E3890000.pdf,approved,340.00,True
[External] Invoice #5141113,2026-08-05 08:55:12.376000+00:00,,1FMJK1M8XTEA24409,696.41,C:\Users\steeldir\GlassOrchestrator\outlook\pdfs\_External__Invoice__5141113_2A1B0000.pdf,new,,
[External] Invoice #5158944,2026-08-05 11:50:33.437000+00:00,FPO1095181,1HGCY1F4XSA089547,340.00,C:\Users\steeldir\GlassOrchestrator\outlook\pdfs\_External__Invoice__5158944_2A1F0000.pdf,approved,340.00,True
[External] Invoice #5158960,2026-08-05 11:51:23.699000+00:00,FPO1095177,KL79MPSL5TB120295,340.00,C:\Users\steeldir\GlassOrchestrator\outlook\pdfs\_External__Invoice__5158960_2A200000.pdf,approved,340.00,True
[External] Invoice #5158966,2026-08-05 11:52:01.934000+00:00,FPO1095179,1C4RDJDG1TC204382,340.00,C:\Users\steeldir\GlassOrchestrator\outlook\pdfs\_External__Invoice__5158966_2A210000.pdf,approved,340.00,True
[External] Invoice #5158990,2026-08-05 11:52:10.726000+00:00,FPO1086518,3GNAXHEG4TL354008,340.00,C:\Users\steeldir\GlassOrchestrator\outlook\pdfs\_External__Invoice__5158990_2A220000.pdf,identity_mismatch,,
[External] Invoice #5158786,2026-08-06 08:48:29.807000+00:00,FPO1095004,KMHL64JA5SA512307,340.00,C:\Users\steeldir\GlassOrchestrator\outlook\pdfs\_External__Invoice__5158786_2A270000.pdf,approved,340.00,True
[External] Invoice #5158794,2026-08-06 08:49:13.725000+00:00,,5XYP64GC7SG652258,340.00,C:\Users\steeldir\GlassOrchestrator\outlook\pdfs\_External__Invoice__5158794_2A280000.pdf,new,,
[External] Invoice #5158795,2026-08-06 08:49:27.046000+00:00,FPO1095056,1G1FX6S09P4183674,340.00,C:\Users\steeldir\GlassOrchestrator\outlook\pdfs\_External__Invoice__5158795_2A290000.pdf,approved,340.00,True
[External] Invoice #5158798,2026-08-06 08:50:11.103000+00:00,FPO1095058,3GNAXPEG5TL466665,340.00,C:\Users\steeldir\GlassOrchestrator\outlook\pdfs\_External__Invoice__5158798_2A2A0000.pdf,checked,333.00,False
[External] Invoice #5164749,2026-08-06 14:15:49.363000+00:00,FPO1096791,4T1DAACK0TU212701,340.00,C:\Users\steeldir\GlassOrchestrator\outlook\pdfs\_External__Invoice__5164749_3B180000.pdf,approved,340.00,True
[External] Invoice #5164757,2026-08-06 14:16:18.468000+00:00,FPO1096794,4T1DAACK2TU211582,340.00,C:\Users\steeldir\GlassOrchestrator\outlook\pdfs\_External__Invoice__5164757_3B190000.pdf,approved,340.00,True
[External] Invoice #5165061,2026-08-06 14:25:15.829000+00:00,FPO1096942,1FMDE7BH6SLA63678,391.84,C:\Users\steeldir\GlassOrchestrator\outlook\pdfs\_External__Invoice__5165061_3B1B0000.pdf,checked,340.00,False
[External] Invoice #5165076,2026-08-06 14:26:18.647000+00:00,FPO1096951,1FMEE9BH6TLA47479,391.84,C:\Users\steeldir\GlassOrchestrator\outlook\pdfs\_External__Invoice__5165076_3B1C0000.pdf,checked,340.00,False
[External] Invoice #5145390,2026-08-06 16:57:15.654000+00:00,FPO1091497,4JGDM2DB3PA015993,1119.00,C:\Users\steeldir\GlassOrchestrator\outlook\pdfs\_External__Invoice__5145390_3B1F0000.pdf,checked,340.00,False
[External] Invoice #5164761,2026-08-06 16:57:44.006000+00:00,FPO1096798,JTMB6RFV8SJ091689,340.00,C:\Users\steeldir\GlassOrchestrator\outlook\pdfs\_External__Invoice__5164761_3B200000.pdf,approved,340.00,True
[External] Invoice #5164780,2026-08-06 16:58:00.155000+00:00,FPO1096799,3KPFT4DE4SE059268,340.00,C:\Users\steeldir\GlassOrchestrator\outlook\pdfs\_External__Invoice__5164780_3B210000.pdf,approved,340.00,True
[External] Invoice #5165037,2026-08-06 16:58:36.788000+00:00,FPO1096975,2C4RC1S71SR572072,340.00,C:\Users\steeldir\GlassOrchestrator\outlook\pdfs\_External__Invoice__5165037_3B220000.pdf,approved,340.00,True
[External] Invoice #5165047,2026-08-06 16:58:53.502000+00:00,FPO1096923,2T3F1RFV8SC503368,340.00,C:\Users\steeldir\GlassOrchestrator\outlook\pdfs\_External__Invoice__5165047_3B230000.pdf,approved,340.00,True
[External] Invoice #5165080,2026-08-06 16:59:01.576000+00:00,FPO1096962,1N4BL4CV9SN427865,340.00,C:\Users\steeldir\GlassOrchestrator\outlook\pdfs\_External__Invoice__5165080_3B240000.pdf,approved,340.00,True
[External] Invoice #5168289,2026-08-07 15:03:59.016000+00:00,FPO1097772,3FMTK3SU4PMB05684,340.00,C:\Users\steeldir\GlassOrchestrator\outlook\pdfs\_External__Invoice__5168289_6C280000.pdf,approved,340.00,True
[External] Invoice #5168750,2026-08-07 15:05:22.941000+00:00,FPO1098836,3FMTK3SU4PMB05684,150.00,C:\Users\steeldir\GlassOrchestrator\outlook\pdfs\_External__Invoice__5168750_6C290000.pdf,approved,150.00,True
[External] Invoice #5170679,2026-08-07 15:05:23.002000+00:00,FPO1098315,3GNAXPEG0VL128819,340.00,C:\Users\steeldir\GlassOrchestrator\outlook\pdfs\_External__Invoice__5170679_6C2A0000.pdf,approved,340.00,True
[External] Invoice #5170624,2026-08-07 18:43:27.699000+00:00,FPO1098292,1FMUK8HH9TGA77221,340.00,C:\Users\steeldir\GlassOrchestrator\outlook\pdfs\_External__Invoice__5170624_6C2B0000.pdf,approved,340.00,True
[External] Invoice #5125025,2026-08-10 09:12:44.499000+00:00,,3VVHR7RM7TM071917,340.00,C:\Users\steeldir\GlassOrchestrator\outlook\pdfs\_External__Invoice__5125025_F4180000.pdf,new,,
[External] Invoice #5177909,2026-08-10 19:21:22.968000+00:00,FPO1099664,1G1FX6S09P4136810,340.00,C:\Users\steeldir\GlassOrchestrator\outlook\pdfs\_External__Invoice__5177909_F4290000.pdf,approved,340.00,True
[External] Invoice #5177920,2026-08-10 19:21:39.286000+00:00,FPO1099665,2C4RC1BG5SR568123,340.00,C:\Users\steeldir\GlassOrchestrator\outlook\pdfs\_External__Invoice__5177920_F42A0000.pdf,approved,340.00,True
[External] Invoice #5177923,2026-08-10 19:22:29.807000+00:00,FPO1099666,4T1DAACK9SU514485,340.00,C:\Users\steeldir\GlassOrchestrator\outlook\pdfs\_External__Invoice__5177923_F42B0000.pdf,approved,340.00,True
[External] Invoice #5177930,2026-08-10 19:22:48.283000+00:00,FPO1099667,5XYP64GC7SG699547,340.00,C:\Users\steeldir\GlassOrchestrator\outlook\pdfs\_External__Invoice__5177930_F42C0000.pdf,approved,340.00,True
[External] Invoice #5177931,2026-08-10 19:23:25.168000+00:00,FPO1099668,3GKALMEG1TL423156,340.00,C:\Users\steeldir\GlassOrchestrator\outlook\pdfs\_External__Invoice__5177931_F42D0000.pdf,approved,340.00,True
[External] Invoice #5177932,2026-08-10 19:24:06.164000+00:00,FPO1099674,1GKS2DKLXTR319556,340.00,C:\Users\steeldir\GlassOrchestrator\outlook\pdfs\_External__Invoice__5177932_F42E0000.pdf,approved,340.00,True
[External] Invoice #5177935,2026-08-10 19:24:48.102000+00:00,FPO1099669,4T1DAACK7TU698648,340.00,C:\Users\steeldir\GlassOrchestrator\outlook\pdfs\_External__Invoice__5177935_F42F0000.pdf,approved,340.00,True
[External] Invoice #5177941,2026-08-10 19:25:37.494000+00:00,,1FMDE7BH3SLA44649,391.84,C:\Users\steeldir\GlassOrchestrator\outlook\pdfs\_External__Invoice__5177941_F4300000.pdf,new,,
[External] Invoice #5177951,2026-08-10 19:26:22.721000+00:00,FPO1099671,KNDEP2AA3T7891272,340.00,C:\Users\steeldir\GlassOrchestrator\outlook\pdfs\_External__Invoice__5177951_F4310000.pdf,approved,340.00,True
[External] Invoice #5177952,2026-08-10 19:26:56.149000+00:00,FPO1099673,JTEVA5BRXT5132035,340.00,C:\Users\steeldir\GlassOrchestrator\outlook\pdfs\_External__Invoice__5177952_F4320000.pdf,identity_mismatch,,
[External] Invoice #5177953,2026-08-10 19:27:16.090000+00:00,FPO1099678,1FBAX2YG0TKA15768,440.00,C:\Users\steeldir\GlassOrchestrator\outlook\pdfs\_External__Invoice__5177953_F4330000.pdf,checked,340.00,False
[External] Invoice #5177957,2026-08-10 19:28:02.267000+00:00,FPO1099676,5NMJB3DE6TH692016,340.00,C:\Users\steeldir\GlassOrchestrator\outlook\pdfs\_External__Invoice__5177957_F4340000.pdf,approved,340.00,True
[External] Invoice #5177966,2026-08-10 19:28:54.661000+00:00,FPO1099675,KL79MPSP5TB173095,340.00,C:\Users\steeldir\GlassOrchestrator\outlook\pdfs\_External__Invoice__5177966_F4350000.pdf,approved,340.00,True
[External] Invoice #5178632,2026-08-10 19:29:20.764000+00:00,FPO1100021,1G1FY6S08P4182822,340.00,C:\Users\steeldir\GlassOrchestrator\outlook\pdfs\_External__Invoice__5178632_F4360000.pdf,approved,340.00,True
[External] Invoice #5178717,2026-08-10 19:29:49.733000+00:00,FPO1100148,1C4SJSBPXSS523898,340.00,C:\Users\steeldir\GlassOrchestrator\outlook\pdfs\_External__Invoice__5178717_F4370000.pdf,approved,340.00,True
[External] Invoice #5178730,2026-08-10 19:30:18.881000+00:00,FPO1100153,3GKALUEG5TL417716,340.00,C:\Users\steeldir\GlassOrchestrator\outlook\pdfs\_External__Invoice__5178730_F4380000.pdf,approved,340.00,True
[External] Invoice #5170636,2026-08-12 14:17:02.471000+00:00,FPO1098295,4S4WMABD8T3416347,595.00,C:\Users\steeldir\GlassOrchestrator\outlook\pdfs\_External__Invoice__5170636_36160000.pdf,checked,340.00,False
[External] Invoice #5186330,2026-08-12 14:18:01.709000+00:00,FPO1102062,3C4NJDDN3ST597442,340.00,C:\Users\steeldir\GlassOrchestrator\outlook\pdfs\_External__Invoice__5186330_36170000.pdf,approved,340.00,True
[External] Invoice #5186380,2026-08-12 14:18:53.915000+00:00,FPO1102080,3C4NJDCN6ST578935,340.00,C:\Users\steeldir\GlassOrchestrator\outlook\pdfs\_External__Invoice__5186380_36180000.pdf,approved,340.00,True
[External] Invoice #5186402,2026-08-12 14:19:13.748000+00:00,FPO1102095,1FMDE7BH2TLA43090,404.82,C:\Users\steeldir\GlassOrchestrator\outlook\pdfs\_External__Invoice__5186402_36190000.pdf,checked,340.00,False
[External] Invoice #5186450,2026-08-12 14:19:15.138000+00:00,FPO1102116,JM3KFBCM1S0808160,340.00,C:\Users\steeldir\GlassOrchestrator\outlook\pdfs\_External__Invoice__5186450_361A0000.pdf,approved,340.00,True
[External] Invoice #5186462,2026-08-12 14:19:52.016000+00:00,FPO1102253,1C4RDJDG2TC205671,340.00,C:\Users\steeldir\GlassOrchestrator\outlook\pdfs\_External__Invoice__5186462_361B0000.pdf,approved,340.00,True
[External] Invoice #5186480,2026-08-12 14:20:11.793000+00:00,FPO1102223,JA4ARUAU3SU001104,340.00,C:\Users\steeldir\GlassOrchestrator\outlook\pdfs\_External__Invoice__5186480_361C0000.pdf,approved,340.00,True
[External] Invoice #5186576,2026-08-12 14:20:42.365000+00:00,FPO1102245,2C4RC1BG4TR230939,340.00,C:\Users\steeldir\GlassOrchestrator\outlook\pdfs\_External__Invoice__5186576_361D0000.pdf,approved,340.00,True
[External] Invoice #5186547,2026-08-12 14:20:52.301000+00:00,FPO1102234,1GNS6PKD6TR250611,340.00,C:\Users\steeldir\GlassOrchestrator\outlook\pdfs\_External__Invoice__5186547_361E0000.pdf,approved,340.00,True
[External] Invoice #5183751,2026-08-12 16:49:35.846000+00:00,,1HGCY1F49TA021452,35.00,C:\Users\steeldir\GlassOrchestrator\outlook\pdfs\_External__Invoice__5183751_36240000.pdf,new,,
[External] Invoice #5183578,2026-08-12 16:51:31.323000+00:00,,1C4RJYB61S8700859,35.00,C:\Users\steeldir\GlassOrchestrator\outlook\pdfs\_External__Invoice__5183578_36250000.pdf,new,,
[External] Invoice #5088983,2026-08-13 08:38:51.149000+00:00,FPO1077597,W1KAF4GB8TR329083,2632.00,C:\Users\steeldir\GlassOrchestrator\outlook\pdfs\_External__Invoice__5088983_DF8F0000.pdf,already_paid,,
[External] Invoice #5186494,2026-08-13 08:39:39.326000+00:00,FPO1102136,5YFB4MDEXTP389184,340.00,C:\Users\steeldir\GlassOrchestrator\outlook\pdfs\_External__Invoice__5186494_DF900000.pdf,approved,340.00,True
[External] Invoice #5186532,2026-08-13 08:40:15.050000+00:00,FPO1102226,2T36CRAV9TC004145,340.00,C:\Users\steeldir\GlassOrchestrator\outlook\pdfs\_External__Invoice__5186532_DF910000.pdf,approved,340.00,True
[External] Invoice #5186563,2026-08-13 08:40:34.573000+00:00,FPO1102241,1GNERGKS4TJ237728,340.00,C:\Users\steeldir\GlassOrchestrator\outlook\pdfs\_External__Invoice__5186563_DF920000.pdf,approved,340.00,True
[External] Invoice #5192395,2026-08-13 08:40:40.313000+00:00,FPO1103700,3GNAXHEG3TL345106,340.00,C:\Users\steeldir\GlassOrchestrator\outlook\pdfs\_External__Invoice__5192395_DF930000.pdf,approved,340.00,True
[External] Invoice #5192506,2026-08-13 08:42:01.212000+00:00,FPO1103718,4T1DAACK0TU772895,340.00,C:\Users\steeldir\GlassOrchestrator\outlook\pdfs\_External__Invoice__5192506_DF940000.pdf,approved,340.00,True
[External] Invoice #5192515,2026-08-13 08:42:05.873000+00:00,FPO1103725,5FNRL6H61TB067755,340.00,C:\Users\steeldir\GlassOrchestrator\outlook\pdfs\_External__Invoice__5192515_DF950000.pdf,approved,340.00,True
[External] Invoice #5192525,2026-08-13 08:42:27.549000+00:00,FPO1103731,5FPYK3F55SB041771,340.00,C:\Users\steeldir\GlassOrchestrator\outlook\pdfs\_External__Invoice__5192525_DF960000.pdf,approved,340.00,True
[External] Invoice #5185744,2026-08-13 15:37:13.898000+00:00,FPO1103639,1C4RDHDG3TC204036,340.00,C:\Users\steeldir\GlassOrchestrator\outlook\pdfs\_External__Invoice__5185744_DF9D0000.pdf,approved,340.00,True
[External] Invoice #5177955,2026-08-13 17:20:22.046000+00:00,FPO1099677,2T36CRAV1TW019642,340.00,C:\Users\steeldir\GlassOrchestrator\outlook\pdfs\_External__Invoice__5177955_DF9E0000.pdf,approved,340.00,True
[External] Invoice #5198471,2026-08-13 17:21:02.095000+00:00,FPO1105191,1N4BL4CV7SN426584,340.00,C:\Users\steeldir\GlassOrchestrator\outlook\pdfs\_External__Invoice__5198471_DF9F0000.pdf,approved,340.00,True
[External] Invoice #5198476,2026-08-13 17:22:26.018000+00:00,FPO1105196,1N4BL4DV8SN384909,340.00,C:\Users\steeldir\GlassOrchestrator\outlook\pdfs\_External__Invoice__5198476_DFA00000.pdf,approved,340.00,True
[External] Invoice #5198481,2026-08-13 17:23:34.077000+00:00,FPO1105204,2C4RC1L79PR598912,340.00,C:\Users\steeldir\GlassOrchestrator\outlook\pdfs\_External__Invoice__5198481_DFA10000.pdf,approved,340.00,True
[External] Invoice #5198488,2026-08-13 17:24:12.427000+00:00,FPO1105211,5NMJB3DE9TH639486,340.00,C:\Users\steeldir\GlassOrchestrator\outlook\pdfs\_External__Invoice__5198488_DFA20000.pdf,approved,340.00,True
[External] Invoice #5110457,2026-08-14 09:50:02.655000+00:00,FPO1082782,3VW7W7BUXTM030773,340.00,C:\Users\steeldir\GlassOrchestrator\outlook\pdfs\_External__Invoice__5110457_63010000.pdf,error,,
[External] Invoice #5198495,2026-08-17 09:40:57.607000+00:00,FPO1105222,2T36CRAV0TC006401,340.00,C:\Users\steeldir\GlassOrchestrator\outlook\pdfs\_External__Invoice__5198495_5F5E0000.pdf,approved,340.00,True
[External] Invoice #5204124,2026-08-17 09:41:30.122000+00:00,FPO1106625,2C4RC1BG8TR160619,340.00,C:\Users\steeldir\GlassOrchestrator\outlook\pdfs\_External__Invoice__5204124_5F5F0000.pdf,approved,340.00,True
[External] Invoice #5204200,2026-08-17 09:41:43.742000+00:00,FPO1106650,5GAERCKW5RJ134977,340.00,C:\Users\steeldir\GlassOrchestrator\outlook\pdfs\_External__Invoice__5204200_5F600000.pdf,approved,340.00,True
[External] Invoice #5204205,2026-08-17 09:42:08.548000+00:00,FPO1106651,5YFB4MDE7SP276100,340.00,C:\Users\steeldir\GlassOrchestrator\outlook\pdfs\_External__Invoice__5204205_5F610000.pdf,approved,340.00,True
[External] Invoice #5204215,2026-08-17 09:42:12.345000+00:00,FPO1106652,5NMP24GL1TH174079,340.00,C:\Users\steeldir\GlassOrchestrator\outlook\pdfs\_External__Invoice__5204215_5F620000.pdf,approved,340.00,True
[External] Invoice #5204227,2026-08-17 09:42:57.253000+00:00,FPO1106654,JM3KKCHD3T1377004,340.00,C:\Users\steeldir\GlassOrchestrator\outlook\pdfs\_External__Invoice__5204227_5F630000.pdf,approved,340.00,True
[External] Invoice #5211151,2026-08-17 15:02:52.422000+00:00,FPO1108028,1GNERGKSXTJ244604,340.00,C:\Users\steeldir\GlassOrchestrator\outlook\pdfs\_External__Invoice__5211151_5F6D0000.pdf,approved,340.00,True
[External] Invoice #5211154,2026-08-17 15:03:23.388000+00:00,FPO1108030,1C4RJYB67RC145410,340.00,C:\Users\steeldir\GlassOrchestrator\outlook\pdfs\_External__Invoice__5211154_5F6E0000.pdf,approved,340.00,True
[External] Invoice #5211156,2026-08-17 15:04:06.372000+00:00,FPO1108033,1FMDE7BH2TLA82102,404.82,C:\Users\steeldir\GlassOrchestrator\outlook\pdfs\_External__Invoice__5211156_5F6F0000.pdf,checked,340.00,False
[External] Invoice #5211158,2026-08-17 15:04:42.481000+00:00,FPO1108035,KMHL64JA0SA488451,340.00,C:\Users\steeldir\GlassOrchestrator\outlook\pdfs\_External__Invoice__5211158_5F700000.pdf,approved,340.00,True
[External] Invoice #5211159,2026-08-17 15:05:05.375000+00:00,FPO1108041,2C4RC1BG9TR225316,340.00,C:\Users\steeldir\GlassOrchestrator\outlook\pdfs\_External__Invoice__5211159_5F710000.pdf,approved,340.00,True
[External] Invoice #5211144,2026-08-18 09:03:43.969000+00:00,FPO1108027,3C4NJDCN7ST577499,340.00,C:\Users\steeldir\GlassOrchestrator\outlook\pdfs\_External__Invoice__5211144_5F750000.pdf,approved,340.00,True
[External] Invoice #5211245,2026-08-18 09:03:59.537000+00:00,FPO1108087,5XYP64GC9SG699436,340.00,C:\Users\steeldir\GlassOrchestrator\outlook\pdfs\_External__Invoice__5211245_5F760000.pdf,approved,340.00,True
[External] Invoice #5211246,2026-08-18 09:06:36.125000+00:00,FPO1108088,1GNS6NRD1SR269186,340.00,C:\Users\steeldir\GlassOrchestrator\outlook\pdfs\_External__Invoice__5211246_5F770000.pdf,approved,340.00,True
[External] Invoice #5211155,2026-08-18 09:07:16.175000+00:00,FPO1108032,3GNAXHEGXTL352148,340.00,C:\Users\steeldir\GlassOrchestrator\outlook\pdfs\_External__Invoice__5211155_5F780000.pdf,approved,340.00,True
[External] Invoice #5212162,2026-08-18 09:07:21.933000+00:00,FPO1108394,1FBAX2YG6TKA83038,440.00,C:\Users\steeldir\GlassOrchestrator\outlook\pdfs\_External__Invoice__5212162_5F790000.pdf,checked,340.00,False
[External] Invoice #5211923,2026-08-18 09:08:26.318000+00:00,FPO1108308,1C4SJSBP0SS516152,340.00,C:\Users\steeldir\GlassOrchestrator\outlook\pdfs\_External__Invoice__5211923_5F7A0000.pdf,approved,340.00,True
[External] Invoice #5211914,2026-08-18 10:13:02.970000+00:00,,3GNAXHEG6TL282969,340.00,C:\Users\steeldir\GlassOrchestrator\outlook\pdfs\_External__Invoice__5211914_5F7B0000.pdf,new,,
[External] Invoice #5219246,2026-08-18 16:10:13.987000+00:00,FPO1110106,5XYP6DGC0SG691564,340.00,C:\Users\steeldir\GlassOrchestrator\outlook\pdfs\_External__Invoice__5219246_5F810000.pdf,approved,340.00,True
[External] Invoice #5219263,2026-08-18 16:18:15.356000+00:00,FPO1110115,3GNAXHEGXTL350299,340.00,C:\Users\steeldir\GlassOrchestrator\outlook\pdfs\_External__Invoice__5219263_5F820000.pdf,approved,340.00,True
[External] Invoice #5219271,2026-08-18 16:18:25.386000+00:00,FPO1110122,5NMJBCDE1SH545519,340.00,C:\Users\steeldir\GlassOrchestrator\outlook\pdfs\_External__Invoice__5219271_5F830000.pdf,approved,340.00,True
[External] Invoice #5219534,2026-08-18 16:19:21.844000+00:00,FPO1099673,JTEVA5BRXT5132035,340.00,C:\Users\steeldir\GlassOrchestrator\outlook\pdfs\_External__Invoice__5219534_5F840000.pdf,identity_mismatch,,
[External] Invoice #5090818,2026-08-18 16:48:16.800000+00:00,FPO1077978,JF2BUPAD8TY538315,439.38,C:\Users\steeldir\GlassOrchestrator\outlook\pdfs\_External__Invoice__5090818_5F850000.pdf,checked,340.00,False
[External] Invoice #5219252,2026-08-18 18:48:01.539000+00:00,FPO1110110,5XYP64GC3SG685600,340.00,C:\Users\steeldir\GlassOrchestrator\outlook\pdfs\_External__Invoice__5219252_A3680000.pdf,approved,340.00,True
[External] Invoice #5200313,2026-08-19 17:08:57.895000+00:00,,3GKALMEG6TL361866,340.00,C:\Users\steeldir\GlassOrchestrator\outlook\pdfs\_External__Invoice__5200313_CDAD0000.pdf,new,,
[External] Invoice #5226688,2026-08-19 17:09:35.515000+00:00,,3GKALMEG6TL361866,150.00,C:\Users\steeldir\GlassOrchestrator\outlook\pdfs\_External__Invoice__5226688_CDAE0000.pdf,new,,
[External] Invoice #5226265,2026-08-19 17:10:13.883000+00:00,,3GNAXPEG6TL333204,340.00,C:\Users\steeldir\GlassOrchestrator\outlook\pdfs\_External__Invoice__5226265_CDAF0000.pdf,new,,
[External] Invoice #5219397,2026-08-19 17:15:05.370000+00:00,FPO1110133,7MUCAAAG3TV213950,340.00,C:\Users\steeldir\GlassOrchestrator\outlook\pdfs\_External__Invoice__5219397_CDB00000.pdf,approved,340.00,True
[External] Invoice #5225327,2026-08-19 17:15:31.763000+00:00,FPO1112000,1V2JE2CA7SC229474,340.00,C:\Users\steeldir\GlassOrchestrator\outlook\pdfs\_External__Invoice__5225327_CDB10000.pdf,approved,340.00,True
[External] Invoice #5225331,2026-08-19 17:15:40.110000+00:00,FPO1112002,KNDPU3DG3T7308724,340.00,C:\Users\steeldir\GlassOrchestrator\outlook\pdfs\_External__Invoice__5225331_CDB20000.pdf,approved,340.00,True
[External] Invoice #5225344,2026-08-19 17:16:49.091000+00:00,FPO1112006,5N1BT3ABXPC890299,340.00,C:\Users\steeldir\GlassOrchestrator\outlook\pdfs\_External__Invoice__5225344_CDB30000.pdf,approved,340.00,True
[External] Invoice #5225336,2026-08-19 17:16:53.165000+00:00,FPO1112004,5FNRL6H60SB040917,340.00,C:\Users\steeldir\GlassOrchestrator\outlook\pdfs\_External__Invoice__5225336_CDB40000.pdf,approved,340.00,True
[External] Invoice #5226275,2026-08-20 09:43:11.396000+00:00,,3GNAXPEG6TL333204,150.00,C:\Users\steeldir\GlassOrchestrator\outlook\pdfs\_External__Invoice__5226275_CDB50000.pdf,new,,
[External] Invoice #5225869,2026-08-20 15:27:47.929000+00:00,FPO1112203,KL79MPSLXTB200465,340.00,C:\Users\steeldir\GlassOrchestrator\outlook\pdfs\_External__Invoice__5225869_CDBF0000.pdf,approved,340.00,True
[External] Invoice #5225881,2026-08-20 15:32:55.778000+00:00,FPO1112208,KL79MPSLXTB200465,150.00,C:\Users\steeldir\GlassOrchestrator\outlook\pdfs\_External__Invoice__5225881_CDC00000.pdf,approved,150.00,True
[External] Invoice #5231208,2026-08-20 15:33:43.962000+00:00,FPO1113719,1C4SJVBP5SS539413,340.00,C:\Users\steeldir\GlassOrchestrator\outlook\pdfs\_External__Invoice__5231208_CDC10000.pdf,approved,340.00,True
[External] Invoice #5226168,2026-08-21 09:24:15.251000+00:00,,2C4RC1BG1TR230963,340.00,C:\Users\steeldir\GlassOrchestrator\outlook\pdfs\_External__Invoice__5226168_077F0000.pdf,new,,
[External] Invoice #5225607,2026-08-21 09:36:41.391000+00:00,FPO1112101,1N4BL4DV4SN428209,340.00,C:\Users\steeldir\GlassOrchestrator\outlook\pdfs\_External__Invoice__5225607_07800000.pdf,approved,340.00,True
[External] Invoice #5225602,2026-08-21 09:38:03.367000+00:00,FPO1112094,1G1ZD5STXRF177786,340.00,C:\Users\steeldir\GlassOrchestrator\outlook\pdfs\_External__Invoice__5225602_07810000.pdf,approved,340.00,True
[External] Invoice #5225628,2026-08-21 09:38:31.971000+00:00,FPO1112107,1V2HN2CA4TC573411,340.00,C:\Users\steeldir\GlassOrchestrator\outlook\pdfs\_External__Invoice__5225628_07820000.pdf,approved,340.00,True
[External] Invoice #5231205,2026-08-21 09:39:26.955000+00:00,,3MVDMBCM1SM790231,340.00,C:\Users\steeldir\GlassOrchestrator\outlook\pdfs\_External__Invoice__5231205_07830000.pdf,new,,
[External] Invoice #5231207,2026-08-21 09:45:26.906000+00:00,FPO1113718,1G1FY6S07P4149486,340.00,C:\Users\steeldir\GlassOrchestrator\outlook\pdfs\_External__Invoice__5231207_07840000.pdf,approved,340.00,True
[External] Invoice #5231243,2026-08-21 09:47:07.076000+00:00,FPO1113755,1FMDE7BH5SLA63283,391.84,C:\Users\steeldir\GlassOrchestrator\outlook\pdfs\_External__Invoice__5231243_07850000.pdf,checked,340.00,False
[External] Invoice #5231250,2026-08-21 09:48:23.758000+00:00,FPO1113736,3GTPHBEK1TG318853,340.00,C:\Users\steeldir\GlassOrchestrator\outlook\pdfs\_External__Invoice__5231250_07860000.pdf,approved,340.00,True
[External] Invoice #5231252,2026-08-21 09:48:26.442000+00:00,FPO1113744,1C4SJVBP2SS540776,340.00,C:\Users\steeldir\GlassOrchestrator\outlook\pdfs\_External__Invoice__5231252_07870000.pdf,approved,340.00,True
[External] Invoice #5226206,2026-08-21 13:24:31.022000+00:00,,1GAZGPFP6S1219874,150.00,C:\Users\steeldir\GlassOrchestrator\outlook\pdfs\_External__Invoice__5226206_078C0000.pdf,new,,
[External] Invoice #5226148,2026-08-21 13:24:46.407000+00:00,,1GAZGPFP6S1219874,340.00,C:\Users\steeldir\GlassOrchestrator\outlook\pdfs\_External__Invoice__5226148_078D0000.pdf,new,,
[External] Invoice #5237081,2026-08-21 13:25:07.839000+00:00,,3GNAXHEG0TL311026,340.00,C:\Users\steeldir\GlassOrchestrator\outlook\pdfs\_External__Invoice__5237081_078E0000.pdf,new,,
[External] Invoice #5237293,2026-08-21 13:25:35.127000+00:00,FPO1115641,1V2JR2CA5SC567881,340.00,C:\Users\steeldir\GlassOrchestrator\outlook\pdfs\_External__Invoice__5237293_078F0000.pdf,approved,340.00,True
[External] Invoice #5237305,2026-08-21 13:25:41.251000+00:00,FPO1115644,5TDKRKEC5TS292985,340.00,C:\Users\steeldir\GlassOrchestrator\outlook\pdfs\_External__Invoice__5237305_07900000.pdf,approved,340.00,True
[External] Invoice #5237323,2026-08-21 13:26:25.523000+00:00,FPO1115653,1FMDE7BH2TLA43073,416.10,C:\Users\steeldir\GlassOrchestrator\outlook\pdfs\_External__Invoice__5237323_07910000.pdf,checked,340.00,False
[External] Invoice #5237333,2026-08-21 13:26:47.211000+00:00,FPO1115663,2C4RC1BG8TR220186,340.00,C:\Users\steeldir\GlassOrchestrator\outlook\pdfs\_External__Invoice__5237333_07920000.pdf,approved,340.00,True
[External] Invoice #5219168,2026-08-24 11:14:58.971000+00:00,FPO1109984,5NMP24GL6TH202250,723.41,C:\Users\steeldir\GlassOrchestrator\outlook\pdfs\_External__Invoice__5219168_36380000.pdf,checked,340.00,False
[External] Invoice #5198577,2026-08-24 11:14:01.201000+00:00,FPO1115370,4S4GUHD60T3742056,150.00,C:\Users\steeldir\GlassOrchestrator\outlook\pdfs\_External__Invoice__5198577_36360000.pdf,approved,150.00,True
[External] Invoice #5226095,2026-08-24 11:14:43.278000+00:00,,5YFB4MDE5SP231642,340.00,C:\Users\steeldir\GlassOrchestrator\outlook\pdfs\_External__Invoice__5226095_36370000.pdf,new,,
[External] Invoice #5237075,2026-08-24 11:15:56.153000+00:00,,JTEVA5BR7T5137631,340.00,C:\Users\steeldir\GlassOrchestrator\outlook\pdfs\_External__Invoice__5237075_36390000.pdf,new,,
[External] Invoice #5235885,2026-08-24 11:52:03.844000+00:00,FPO1115360,1GNERGKS2TJ226419,150.00,C:\Users\steeldir\GlassOrchestrator\outlook\pdfs\_External__Invoice__5235885_363C0000.pdf,approved,150.00,True
[External] Invoice #5244455,2026-08-24 16:09:46.799000+00:00,FPO1117093,KL79MPSL4TB185686,340.00,C:\Users\steeldir\GlassOrchestrator\outlook\pdfs\_External__Invoice__5244455_36480000.pdf,approved,340.00,True
[External] Invoice #5244457,2026-08-24 16:09:52.229000+00:00,FPO1117105,JM3KKCHD3T1357108,340.00,C:\Users\steeldir\GlassOrchestrator\outlook\pdfs\_External__Invoice__5244457_36490000.pdf,approved,340.00,True
[External] Invoice #5244461,2026-08-24 16:10:15.813000+00:00,FPO1117095,2C4RC1GG4TR229430,340.00,C:\Users\steeldir\GlassOrchestrator\outlook\pdfs\_External__Invoice__5244461_364A0000.pdf,approved,340.00,True
[External] Invoice #5244462,2026-08-24 16:40:28.062000+00:00,FPO1117096,2T36CRAV9TC006509,340.00,C:\Users\steeldir\GlassOrchestrator\outlook\pdfs\_External__Invoice__5244462_364C0000.pdf,approved,340.00,True
[External] Invoice #5244475,2026-08-24 16:40:47.449000+00:00,FPO1117100,2HKRS4H28TH495098,340.00,C:\Users\steeldir\GlassOrchestrator\outlook\pdfs\_External__Invoice__5244475_364D0000.pdf,approved,340.00,True
[External] Invoice #5244480,2026-08-24 16:41:04.758000+00:00,FPO1117103,5FPYK3F55SB041933,340.00,C:\Users\steeldir\GlassOrchestrator\outlook\pdfs\_External__Invoice__5244480_364E0000.pdf,approved,340.00,True
[External] Invoice #5244906,2026-08-24 16:41:37.541000+00:00,FPO1117427,JTEVA5BR0S5038695,340.00,C:\Users\steeldir\GlassOrchestrator\outlook\pdfs\_External__Invoice__5244906_364F0000.pdf,approved,340.00,True
[External] Invoice #5244909,2026-08-24 16:42:13.019000+00:00,FPO1117440,JN8BT3DD2TW294182,340.00,C:\Users\steeldir\GlassOrchestrator\outlook\pdfs\_External__Invoice__5244909_36500000.pdf,approved,340.00,True
[External] Invoice #5244918,2026-08-24 16:42:44.699000+00:00,FPO1117459,2C4RC1S77SR572271,340.00,C:\Users\steeldir\GlassOrchestrator\outlook\pdfs\_External__Invoice__5244918_36510000.pdf,approved,340.00,True
[External] Invoice #5244458,2026-08-24 17:07:01.643000+00:00,FPO1117094,KNDEP2AA3T7881521,340.00,C:\Users\steeldir\GlassOrchestrator\outlook\pdfs\_External__Invoice__5244458_365A0000.pdf,approved,340.00,True
[External] Invoice #5244464,2026-08-24 17:07:14.632000+00:00,FPO1117097,3GKALMEG5TL269647,340.00,C:\Users\steeldir\GlassOrchestrator\outlook\pdfs\_External__Invoice__5244464_365B0000.pdf,approved,340.00,True
[External] Invoice #5244465,2026-08-24 17:07:32.911000+00:00,FPO1117098,7MUCAAAG6TV210170,340.00,C:\Users\steeldir\GlassOrchestrator\outlook\pdfs\_External__Invoice__5244465_365C0000.pdf,approved,340.00,True
[External] Invoice #5244476,2026-08-24 17:07:50.153000+00:00,FPO1117101,5YFB4MDE4TP391741,340.00,C:\Users\steeldir\GlassOrchestrator\outlook\pdfs\_External__Invoice__5244476_365D0000.pdf,approved,340.00,True
[External] Invoice #5244477,2026-08-24 17:07:54.253000+00:00,FPO1117102,1C4PJXFN7SW523829,340.00,C:\Users\steeldir\GlassOrchestrator\outlook\pdfs\_External__Invoice__5244477_365E0000.pdf,approved,340.00,True
[External] Invoice #5244466,2026-08-24 17:07:59.035000+00:00,FPO1117099,3KPFT4DE9SE069939,340.00,C:\Users\steeldir\GlassOrchestrator\outlook\pdfs\_External__Invoice__5244466_365F0000.pdf,approved,340.00,True
[External] Invoice #5244835,2026-08-24 17:08:38.056000+00:00,FPO1117367,5FNRL6H69SB077724,50.00,C:\Users\steeldir\GlassOrchestrator\outlook\pdfs\_External__Invoice__5244835_36600000.pdf,checked,30.00,False
[External] Invoice #5244913,2026-08-24 17:09:16.047000+00:00,FPO1117448,2T36CRAV4TC010211,340.00,C:\Users\steeldir\GlassOrchestrator\outlook\pdfs\_External__Invoice__5244913_41770000.pdf,error,340.00,True
[External] Invoice #5244922,2026-08-24 17:09:29.026000+00:00,FPO1117464,1HGCY1F27TA022369,340.00,C:\Users\steeldir\GlassOrchestrator\outlook\pdfs\_External__Invoice__5244922_41780000.pdf,error,340.00,True
[External] Invoice #5244903,2026-08-24 17:09:33.172000+00:00,FPO1117412,JM3KFBCM7S0802766,340.00,C:\Users\steeldir\GlassOrchestrator\outlook\pdfs\_External__Invoice__5244903_36630000.pdf,approved,340.00,True
[External] Invoice #5244925,2026-08-24 17:09:33.233000+00:00,FPO1117471,KL79MPSL4TB121650,340.00,C:\Users\steeldir\GlassOrchestrator\outlook\pdfs\_External__Invoice__5244925_36640000.pdf,approved,340.00,True
[External] Invoice #5245165,2026-08-24 17:10:18.635000+00:00,FPO1117481,5XYP6DGC8SG585038,340.00,C:\Users\steeldir\GlassOrchestrator\outlook\pdfs\_External__Invoice__5245165_36650000.pdf,approved,340.00,True
[External] Invoice #5250400 (PO # FPO1119415),2026-08-25 10:39:23.612000+00:00,FPO1119415,5XYP6DGC3SG681417,340.00,C:\Users\steeldir\GlassOrchestrator\outlook\pdfs\_External__Invoice__5250400__PO___FPO1119415__36660000.pdf,approved,340.00,True
[External] Invoice #5250432 (PO # FPO1119416),2026-08-25 10:39:24.571000+00:00,FPO1119416,5XYP6DGC3SG681417,150.00,C:\Users\steeldir\GlassOrchestrator\outlook\pdfs\_External__Invoice__5250432__PO___FPO1119416__36670000.pdf,approved,150.00,True
[External] Invoice #5252065,2026-08-25 13:44:52.486000+00:00,FPO1119812,1HGCY1F43TA029160,340.00,C:\Users\steeldir\GlassOrchestrator\outlook\pdfs\_External__Invoice__5252065_366A0000.pdf,approved,340.00,True
[External] Invoice #5250958,2026-08-25 19:28:25.999000+00:00,FPO1119431,5NMP24GL5TH200845,340.00,C:\Users\steeldir\GlassOrchestrator\outlook\pdfs\_External__Invoice__5250958_BF1F0000.pdf,approved,340.00,True
[External] Invoice #5250977,2026-08-25 19:28:49.619000+00:00,FPO1119435,5NMP24GL5TH200845,150.00,C:\Users\steeldir\GlassOrchestrator\outlook\pdfs\_External__Invoice__5250977_BF200000.pdf,approved,150.00,True
[External] Invoice #5252020,2026-08-25 19:29:15.561000+00:00,,1HGCY1F49TA018910,125.00,C:\Users\steeldir\GlassOrchestrator\outlook\pdfs\_External__Invoice__5252020_BF210000.pdf,new,,
[External] Invoice #5252027,2026-08-25 19:29:29.925000+00:00,,KNDEP2AA4T7885965,340.00,C:\Users\steeldir\GlassOrchestrator\outlook\pdfs\_External__Invoice__5252027_BF220000.pdf,new,,
[External] Invoice #5252071,2026-08-25 19:39:35.436000+00:00,FPO1119825,3GNAXHEG2TL306782,340.00,C:\Users\steeldir\GlassOrchestrator\outlook\pdfs\_External__Invoice__5252071_BF230000.pdf,approved,340.00,True
[External] Invoice #5252192,2026-08-25 19:40:00.797000+00:00,FPO1119836,7MUCAAAG6TV212033,340.00,C:\Users\steeldir\GlassOrchestrator\outlook\pdfs\_External__Invoice__5252192_BF240000.pdf,approved,340.00,True
[External] Invoice #5250120,2026-08-25 20:43:41.588000+00:00,FPO1119271,KNDEP2AA0T7896624,340.00,C:\Users\steeldir\GlassOrchestrator\outlook\pdfs\_External__Invoice__5250120_EEDF0000.pdf,approved,340.00,True
[External] Invoice #5250127,2026-08-25 20:44:10.530000+00:00,FPO1119280,KNDEP2AA0T7896624,150.00,C:\Users\steeldir\GlassOrchestrator\outlook\pdfs\_External__Invoice__5250127_EEE00000.pdf,approved,150.00,True
[External] Invoice #5257890 (PO # FPO1121325),2026-08-26 16:51:07.757000+00:00,FPO1121325,5YFB4MDE8TP379799,340.00,C:\Users\steeldir\GlassOrchestrator\outlook\pdfs\_External__Invoice__5257890__PO___FPO1121325__EEE50000.pdf,new,,
[External] Invoice #5257894 (PO # FPO1121315),2026-08-26 16:51:38.478000+00:00,FPO1121315,5YFB4MDE6PP061413,340.00,C:\Users\steeldir\GlassOrchestrator\outlook\pdfs\_External__Invoice__5257894__PO___FPO1121315__EEE60000.pdf,new,,
[External] Invoice #5257953 (PO # FPO1121377),2026-08-26 17:21:51.219000+00:00,FPO1121377,7MMVABDL9TN471932,340.00,C:\Users\steeldir\GlassOrchestrator\outlook\pdfs\_External__Invoice__5257953__PO___FPO1121377__82730000.pdf,approved,340.00,True
[External] Invoice #5257902 (PO # FPO1121318),2026-08-26 17:23:50.250000+00:00,FPO1121318,1FMCU9GN6SUA88776,340.00,C:\Users\steeldir\GlassOrchestrator\outlook\pdfs\_External__Invoice__5257902__PO___FPO1121318__82740000.pdf,approved,340.00,True
[External] Invoice #5247515 (PO # FPO1121226),2026-08-26 17:32:01.872000+00:00,FPO1121226,1FMDE7BH3SLA44649,391.84,C:\Users\steeldir\GlassOrchestrator\outlook\pdfs\_External__Invoice__5247515__PO___FPO1121226__82750000.pdf,new,,
[External] Invoice #5258124 (PO # FPO1121397),2026-08-26 17:38:54.490000+00:00,FPO1121397,2C4RC1BG1TR167735,340.00,C:\Users\steeldir\GlassOrchestrator\outlook\pdfs\_External__Invoice__5258124__PO___FPO1121397__82770000.pdf,approved,340.00,True
[External] Invoice #5258118 (PO # FPO1121394),2026-08-26 17:39:52.574000+00:00,FPO1121394,7MMVABBL7TN461368,340.00,C:\Users\steeldir\GlassOrchestrator\outlook\pdfs\_External__Invoice__5258118__PO___FPO1121394__82780000.pdf,approved,340.00,True
[External] Invoice #5257947 (PO # FPO1121389),2026-08-26 17:40:43.498000+00:00,FPO1121389,5FNRL6H62TB058644,340.00,C:\Users\steeldir\GlassOrchestrator\outlook\pdfs\_External__Invoice__5257947__PO___FPO1121389__82790000.pdf,approved,340.00,True
[External] Invoice #5252949 (PO # FPO1120090),2026-08-27 15:18:58.366000+00:00,FPO1120090,1HGCY1F46SA087228,340.00,C:\Users\steeldir\GlassOrchestrator\outlook\pdfs\_External__Invoice__5252949__PO___FPO1120090__BCBC0000.pdf,approved,340.00,True
[External] Invoice #5252965 (PO # FPO1120099),2026-08-27 15:19:26.306000+00:00,FPO1120099,1HGCY1F46SA087228,150.00,C:\Users\steeldir\GlassOrchestrator\outlook\pdfs\_External__Invoice__5252965__PO___FPO1120099__BCBD0000.pdf,approved,150.00,True
[External] Invoice #5263556 (PO # FPO1123131),2026-08-27 16:19:39.580000+00:00,FPO1123131,1V2HC2CAXTC217714,340.00,C:\Users\steeldir\GlassOrchestrator\outlook\pdfs\_External__Invoice__5263556__PO___FPO1123131__BCBE0000.pdf,approved,340.00,True
[External] Invoice #5263569 (PO # FPO1123117),2026-08-27 16:20:14.270000+00:00,FPO1123117,5TDKDRBH6TS613410,340.00,C:\Users\steeldir\GlassOrchestrator\outlook\pdfs\_External__Invoice__5263569__PO___FPO1123117__BCBF0000.pdf,approved,340.00,True
[External] Invoice #5263511 (PO # FPO1123106),2026-08-27 16:20:54.480000+00:00,FPO1123106,2C4RC1L70PR608839,340.00,C:\Users\steeldir\GlassOrchestrator\outlook\pdfs\_External__Invoice__5263511__PO___FPO1123106__BCC00000.pdf,approved,340.00,True
[External] Invoice #5263494 (PO # FPO1123105),2026-08-27 16:21:18.928000+00:00,FPO1123105,1G1FY6S08P4132857,340.00,C:\Users\steeldir\GlassOrchestrator\outlook\pdfs\_External__Invoice__5263494__PO___FPO1123105__BCC10000.pdf,new,,
[External] Invoice #5263559 (PO # FPO1123137),2026-08-27 16:47:22.493000+00:00,FPO1123137,7MMVAAEW1TN172275,340.00,C:\Users\steeldir\GlassOrchestrator\outlook\pdfs\_External__Invoice__5263559__PO___FPO1123137__BCC30000.pdf,approved,340.00,True
[External] Invoice #5225577 (PO # FPO1112070	),2026-08-27 16:48:32.109000+00:00,FPO1112070,3VVHR7RM9TM069425,340.00,C:\Users\steeldir\GlassOrchestrator\outlook\pdfs\_External__Invoice__5225577__PO___FPO1112070___BCC40000.pdf,approved,340.00,True
[External] Invoice #5269453 (PO # FPO1124548),2026-08-28 14:58:56.295000+00:00,FPO1124548,JM3KFBCL7S0590409,340.00,C:\Users\steeldir\GlassOrchestrator\outlook\pdfs\_External__Invoice__5269453__PO___FPO1124548__BCC50000.pdf,approved,340.00,True
[External] Invoice #5269445 (PO # FPO1124538),2026-08-28 14:59:14.359000+00:00,FPO1124538,1C4SJSBPXSS523139,340.00,C:\Users\steeldir\GlassOrchestrator\outlook\pdfs\_External__Invoice__5269445__PO___FPO1124538__BCC60000.pdf,new,,
[External] Invoice #5269434 (PO # FPO1124536),2026-08-28 14:59:15.461000+00:00,FPO1124536,5UX53GP02T9456611,340.00,C:\Users\steeldir\GlassOrchestrator\outlook\pdfs\_External__Invoice__5269434__PO___FPO1124536__BCC70000.pdf,approved,340.00,True
[External] Invoice #5269413 (PO # FPO1124531),2026-08-28 14:59:23.630000+00:00,FPO1124531,5FNRL6H71SB051773,340.00,C:\Users\steeldir\GlassOrchestrator\outlook\pdfs\_External__Invoice__5269413__PO___FPO1124531__BCC80000.pdf,approved,340.00,True
[External] Invoice #5269309 (PO # FPO1124481),2026-08-28 16:37:02.325000+00:00,FPO1124481,1FMDE7BH1TLA41752,404.82,C:\Users\steeldir\GlassOrchestrator\outlook\pdfs\_External__Invoice__5269309__PO___FPO1124481__BCC90000.pdf,new,,
[External] Invoice #5269293 (PO # FPO1124475),2026-08-28 16:41:07.261000+00:00,FPO1124475,1C4SJSBP4SS534329,340.00,C:\Users\steeldir\GlassOrchestrator\outlook\pdfs\_External__Invoice__5269293__PO___FPO1124475__BCCA0000.pdf,approved,340.00,True
[External] Invoice #5264398 (PO # FPO1123408),2026-08-28 16:42:12.027000+00:00,FPO1123408,LRBFZSR40TD070448,340.00,C:\Users\steeldir\GlassOrchestrator\outlook\pdfs\_External__Invoice__5264398__PO___FPO1123408__BCCB0000.pdf,new,,
[External] Invoice #5263488 (PO # FPO1123103),2026-08-29 13:46:19.612000+00:00,FPO1123103,5NMP24GL7TH173986,340.00,C:\Users\steeldir\GlassOrchestrator\outlook\pdfs\_External__Invoice__5263488__PO___FPO1123103__BA3E0000.pdf,approved,340.00,True
[External] Invoice #5276886 (PO # FPO1126721),2026-08-31 12:00:15.175000+00:00,FPO1126721,JM3KFBBL1S0590102,340.00,C:\Users\steeldir\GlassOrchestrator\outlook\pdfs\_External__Invoice__5276886__PO___FPO1126721__B55A0000.pdf,new,,
[External] Invoice #5276880 (PO # FPO1126704),2026-08-31 12:00:24.044000+00:00,FPO1126704,1HGCY1F48TA001869,340.00,C:\Users\steeldir\GlassOrchestrator\outlook\pdfs\_External__Invoice__5276880__PO___FPO1126704__B55B0000.pdf,new,,
[External] Invoice #5276872 (PO # FPO1126694),2026-08-31 12:00:49.446000+00:00,FPO1126694,KL77LHEP1SC231885,340.00,C:\Users\steeldir\GlassOrchestrator\outlook\pdfs\_External__Invoice__5276872__PO___FPO1126694__B55C0000.pdf,new,,
[External] Invoice #5276101 (PO # FPO1126273),2026-08-31 15:37:14.726000+00:00,FPO1126273,1FMUK8KH8SGB38386,340.00,C:\Users\steeldir\GlassOrchestrator\outlook\pdfs\_External__Invoice__5276101__PO___FPO1126273__B55E0000.pdf,new,,
[External] Invoice #5276996 (PO # FPO1126822),2026-08-31 16:38:26.612000+00:00,FPO1126822,3VVGR7RM0TM105806,340.00,C:\Users\steeldir\GlassOrchestrator\outlook\pdfs\_External__Invoice__5276996__PO___FPO1126822__B55F0000.pdf,new,,
[External] Invoice #5276984 (PO # FPO1126804),2026-08-31 16:38:44.868000+00:00,FPO1126804,KL77LHEP6TC092256,340.00,C:\Users\steeldir\GlassOrchestrator\outlook\pdfs\_External__Invoice__5276984__PO___FPO1126804__B5600000.pdf,new,,
[External] Invoice #5276094 (PO # FPO1126271),2026-08-31 16:40:14.184000+00:00,FPO1126271,1HGCY1F23SA085337,340.00,C:\Users\steeldir\GlassOrchestrator\outlook\pdfs\_External__Invoice__5276094__PO___FPO1126271__B5610000.pdf,new,,
[External] Invoice #5276124 (PO # FPO1126282),2026-08-31 17:05:15.009000+00:00,FPO1126282,KL79MPSL9TB203910,340.00,C:\Users\steeldir\GlassOrchestrator\outlook\pdfs\_External__Invoice__5276124__PO___FPO1126282__B5630000.pdf,new,,
[External] Invoice #5276123 (PO # FPO1126280),2026-08-31 17:05:29.706000+00:00,FPO1126280,1HGCY1F41SA083085,340.00,C:\Users\steeldir\GlassOrchestrator\outlook\pdfs\_External__Invoice__5276123__PO___FPO1126280__B5640000.pdf,new,,
[External] Invoice #5276119 (PO # FPO1126278),2026-08-31 17:05:30.969000+00:00,FPO1126278,2C4RC1BG9TR168129,340.00,C:\Users\steeldir\GlassOrchestrator\outlook\pdfs\_External__Invoice__5276119__PO___FPO1126278__B5650000.pdf,new,,
[External] Invoice #5276093 (PO # FPO1126270),2026-08-31 17:06:02.793000+00:00,FPO1126270,3VW7W7BUXTM013522,340.00,C:\Users\steeldir\GlassOrchestrator\outlook\pdfs\_External__Invoice__5276093__PO___FPO1126270__B5660000.pdf,new,,
[External] Invoice #5276869 (PO # FPO1126684),2026-09-01 10:59:14.824000+00:00,FPO1126684,1GKS2DRL4SR208702,340.00,C:\Users\steeldir\GlassOrchestrator\outlook\pdfs\_External__Invoice__5276869__PO___FPO1126684__B5680000.pdf,new,,
[External] Invoice #5283673 (PO # FPO1128575),2026-09-01 14:57:37.109000+00:00,FPO1128575,4T1DAACK8TU209271,340.00,C:\Users\steeldir\GlassOrchestrator\outlook\pdfs\_External__Invoice__5283673__PO___FPO1128575__B5690000.pdf,new,,
[External] Invoice #5283669 (PO # FPO1128559),2026-09-01 14:58:24.779000+00:00,FPO1128559,3N1CN8EV6SL882477,340.00,C:\Users\steeldir\GlassOrchestrator\outlook\pdfs\_External__Invoice__5283669__PO___FPO1128559__B56A0000.pdf,new,,
[External] Invoice #5283599 (PO # FPO1128523),2026-09-01 14:58:43.396000+00:00,FPO1128523,JM3KKEHD0S1224283,50.00,C:\Users\steeldir\GlassOrchestrator\outlook\pdfs\_External__Invoice__5283599__PO___FPO1128523__B56B0000.pdf,new,,
[External] Invoice #5283602 (PO # FPO1128522),2026-09-01 14:59:49.744000+00:00,FPO1128522,3GTPHBEK9TG318938,340.00,C:\Users\steeldir\GlassOrchestrator\outlook\pdfs\_External__Invoice__5283602__PO___FPO1128522__B56C0000.pdf,new,,
[External] Invoice #5283655 (PO # FPO1128582),2026-09-01 15:02:21.686000+00:00,FPO1128582,2C4RC1BG5TR226236,340.00,C:\Users\steeldir\GlassOrchestrator\outlook\pdfs\_External__Invoice__5283655__PO___FPO1128582__B56E0000.pdf,new,,
[External] Invoice #5289204 (PO # FPO1130048),2026-09-02 13:41:08.437000+00:00,FPO1130048,1G1ZD5ST9RF163801,340.00,C:\Users\steeldir\GlassOrchestrator\outlook\pdfs\_External__Invoice__5289204__PO___FPO1130048__B5710000.pdf,new,,
[External] Invoice #5289212 (PO # FPO1130043),2026-09-02 13:41:12.122000+00:00,FPO1130043,1HGCY1F43TA018871,340.00,C:\Users\steeldir\GlassOrchestrator\outlook\pdfs\_External__Invoice__5289212__PO___FPO1130043__B5720000.pdf,new,,
[External] Invoice #5289209 (PO # FPO1130042),2026-09-02 13:41:18.115000+00:00,FPO1130042,3GNAXPEG3TL349523,340.00,C:\Users\steeldir\GlassOrchestrator\outlook\pdfs\_External__Invoice__5289209__PO___FPO1130042__B5730000.pdf,new,,
[External] Invoice #5289283 (PO # FPO1130105),2026-09-02 13:41:23.470000+00:00,FPO1130105,7MMVAADW2SN133033,340.00,C:\Users\steeldir\GlassOrchestrator\outlook\pdfs\_External__Invoice__5289283__PO___FPO1130105__B5740000.pdf,new,,
[External] Invoice #5294509 (PO # FPO1131545),2026-09-03 14:25:53.634000+00:00,FPO1131545,3FMTK3SU2PMA98296,340.00,C:\Users\steeldir\GlassOrchestrator\outlook\pdfs\_External__Invoice__5294509__PO___FPO1131545__B5750000.pdf,new,,
[External] Invoice #5294412 (PO # FPO1131464),2026-09-03 14:26:00.302000+00:00,FPO1131464,1C4SJSBP6SS537975,340.00,C:\Users\steeldir\GlassOrchestrator\outlook\pdfs\_External__Invoice__5294412__PO___FPO1131464__B5760000.pdf,new,,
[External] Invoice #5244824,2026-08-26 10:47:24.553000+00:00,,1V2HC2CA9TC235928,340.00,C:\Users\steeldir\GlassOrchestrator\outlook\pdfs\_External__Invoice__5244824_EEE10000.pdf,new,,
[External] Invoice #5244846,2026-08-26 10:49:30.480000+00:00,,5XYP6DGC1SG643068,340.00,C:\Users\steeldir\GlassOrchestrator\outlook\pdfs\_External__Invoice__5244846_EEE20000.pdf,new,,
[External] Invoice #4716549,2026-08-26 14:15:59.373000+00:00,,4S4BTAFC7S3181604,306.00,C:\Users\steeldir\GlassOrchestrator\outlook\pdfs\_External__Invoice__4716549_EEE30000.pdf,new,,
[External] Invoice #5257887 (PO # FPO1035574),2026-08-26 17:32:19.149000+00:00,FPO1035574,1C4SJSBP6SS534543,0.00,C:\Users\steeldir\GlassOrchestrator\outlook\pdfs\_External__Invoice__5257887__PO___FPO1035574__82760000.pdf,new,,
[External] Invoice #5250632 (PO # FPO1120667),2026-08-27 11:56:11.815000+00:00,FPO1120667,KM8K33AG7PU190617,35.00,C:\Users\steeldir\GlassOrchestrator\outlook\pdfs\_External__Invoice__5250632__PO___FPO1120667__BCBB0000.pdf,new,,
[External] Invoice #5247543 (PO # FPO1121234),2026-08-27 16:29:47.831000+00:00,FPO1121234,5FNRL6H66TB047775,605.57,C:\Users\steeldir\GlassOrchestrator\outlook\pdfs\_External__Invoice__5247543__PO___FPO1121234__BCC20000.pdf,new,,
[External] Invoice #5272539 (PO # FPO1125619),2026-08-29 13:46:36.915000+00:00,FPO1125619,1G1FY6S03P4149789,340.00,C:\Users\steeldir\GlassOrchestrator\outlook\pdfs\_External__Invoice__5272539__PO___FPO1125619__BA3F0000.pdf,new,,
[External] Invoice #5252020,2026-08-31 15:32:52.635000+00:00,,1HGCY1F49TA018910,30.00,C:\Users\steeldir\GlassOrchestrator\outlook\pdfs\_External__Invoice__5252020_B55D0000.pdf,new,,
[External] Invoice #5272560 (PO # FPO1125620),2026-08-31 17:05:08.054000+00:00,FPO1125620,1FMUK8KH3TGA77935,340.00,C:\Users\steeldir\GlassOrchestrator\outlook\pdfs\_External__Invoice__5272560__PO___FPO1125620__B5620000.pdf,new,,
[External] Invoice #5272574 (PO # FPO1125652),2026-08-31 17:06:35.290000+00:00,FPO1125652,3GNAXHEG6TL307580,340.00,C:\Users\steeldir\GlassOrchestrator\outlook\pdfs\_External__Invoice__5272574__PO___FPO1125652__B5670000.pdf,new,,
[External] Invoice #5283793 (PO # FPO112856),2026-09-01 15:01:10.469000+00:00,FPO112856,1HGCY1F49TA029843,340.00,C:\Users\steeldir\GlassOrchestrator\outlook\pdfs\_External__Invoice__5283793__PO___FPO112856__B56D0000.pdf,new,,
[External] Invoice #5283680 (PO # FPO1128576-),2026-09-01 17:02:51.943000+00:00,,KMHRC8A32SU393965,340.00,C:\Users\steeldir\GlassOrchestrator\outlook\pdfs\_External__Invoice__5283680__PO___FPO1128576-__B56F0000.pdf,new,,
[External] Invoice #5289201 (PO # FPO1119812),2026-09-02 13:39:52.386000+00:00,FPO1119812,1HGCY1F43TA029160,0.00,C:\Users\steeldir\GlassOrchestrator\outlook\pdfs\_External__Invoice__5289201__PO___FPO1119812__B5700000.pdf,new,,
